Tail,Anal,LB,UB,Pelvic,Pectoral,Dorsal,Head,Fish_ID,Day,Standard_length,Parasite_strain,Fish_strain,Sex_fish
1,0,0,0,0,0,0,0,1,1,20,Gt,OS,Male
1,0,0,0,0,1,0,1,1,3,20,Gt,OS,Male
7,0,0,0,0,1,0,1,1,5,20,Gt,OS,Male
5,0,1,0,4,0,1,0,1,7,20,Gt,OS,Male
23,0,2,0,0,1,1,4,1,9,20,Gt,OS,Male
5,0,5,2,10,0,0,0,1,11,20,Gt,OS,Male
8,3,5,0,4,2,7,0,1,13,20,Gt,OS,Male
NA,NA,NA,NA,NA,NA,NA,NA,1,15,20,Gt,OS,Male
NA,NA,NA,NA,NA,NA,NA,NA,1,17,20,Gt,OS,Male
0,0,1,0,0,0,0,0,3,1,16,Gb,UA,Male
NA,NA,NA,NA,NA,NA,NA,NA,3,3,16,Gb,UA,Male
NA,NA,NA,NA,NA,NA,NA,NA,3,5,16,Gb,UA,Male
NA,NA,NA,NA,NA,NA,NA,NA,3,7,16,Gb,UA,Male
NA,NA,NA,NA,NA,NA,NA,NA,3,9,16,Gb,UA,Male
NA,NA,NA,NA,NA,NA,NA,NA,3,11,16,Gb,UA,Male
NA,NA,NA,NA,NA,NA,NA,NA,3,13,16,Gb,UA,Male
NA,NA,NA,NA,NA,NA,NA,NA,3,15,16,Gb,UA,Male
NA,NA,NA,NA,NA,NA,NA,NA,3,17,16,Gb,UA,Male
1,0,0,0,0,1,0,1,5,1,14.5,Gb,LA,Male
1,0,1,0,0,0,0,6,5,3,14.5,Gb,LA,Male
5,0,2,0,0,0,0,1,5,5,14.5,Gb,LA,Male
2,0,8,0,2,0,1,17,5,7,14.5,Gb,LA,Male
5,2,8,2,0,0,0,32,5,9,14.5,Gb,LA,Male
0,0,11,2,0,1,0,78,5,11,14.5,Gb,LA,Male
NA,NA,NA,NA,NA,NA,NA,NA,5,13,14.5,Gb,LA,Male
NA,NA,NA,NA,NA,NA,NA,NA,5,15,14.5,Gb,LA,Male
NA,NA,NA,NA,NA,NA,NA,NA,5,17,14.5,Gb,LA,Male
0,0,0,0,0,2,0,1,6,1,16,Gb,LA,Female
0,0,0,0,1,1,0,2,6,3,16,Gb,LA,Female
1,0,0,0,2,0,0,4,6,5,16,Gb,LA,Female
0,0,1,4,1,0,0,10,6,7,16,Gb,LA,Female
NA,NA,NA,NA,NA,NA,NA,NA,6,9,16,Gb,LA,Female
NA,NA,NA,NA,NA,NA,NA,NA,6,11,16,Gb,LA,Female
NA,NA,NA,NA,NA,NA,NA,NA,6,13,16,Gb,LA,Female
NA,NA,NA,NA,NA,NA,NA,NA,6,15,16,Gb,LA,Female
NA,NA,NA,NA,NA,NA,NA,NA,6,17,16,Gb,LA,Female
0,0,0,0,0,1,0,2,7,1,17,Gb,OS,Male
0,2,0,0,0,0,0,8,7,3,17,Gb,OS,Male
3,0,7,2,0,0,0,9,7,5,17,Gb,OS,Male
14,1,13,0,0,0,2,32,7,7,17,Gb,OS,Male
2,2,27,6,0,0,0,90,7,9,17,Gb,OS,Male
13,0,63,9,0,2,1,116,7,11,17,Gb,OS,Male
NA,NA,NA,NA,NA,NA,NA,NA,7,13,17,Gb,OS,Male
NA,NA,NA,NA,NA,NA,NA,NA,7,15,17,Gb,OS,Male
NA,NA,NA,NA,NA,NA,NA,NA,7,17,17,Gb,OS,Male
1,0,0,1,0,0,0,1,8,1,14,Gb,OS,Female
2,1,1,0,0,0,0,1,8,3,14,Gb,OS,Female
6,0,1,0,0,0,0,6,8,5,14,Gb,OS,Female
0,0,0,0,0,0,0,6,8,7,14,Gb,OS,Female
0,0,0,0,1,0,0,1,8,9,14,Gb,OS,Female
0,0,0,0,0,0,0,0,8,11,14,Gb,OS,Female
0,0,0,0,0,0,0,0,8,13,14,Gb,OS,Female
0,0,0,0,0,0,0,0,8,15,14,Gb,OS,Female
0,0,0,0,0,0,0,0,8,17,14,Gb,OS,Female
0,0,0,1,0,0,0,2,9,1,16,Gb,UA,Male
0,0,1,0,1,1,0,2,9,3,16,Gb,UA,Male
0,0,0,6,0,0,0,2,9,5,16,Gb,UA,Male
0,0,0,0,0,0,0,0,9,7,16,Gb,UA,Male
0,0,0,0,0,0,0,0,9,9,16,Gb,UA,Male
0,0,0,0,0,0,0,0,9,11,16,Gb,UA,Male
0,0,0,0,0,0,0,0,9,13,16,Gb,UA,Male
0,0,0,0,0,0,0,0,9,15,16,Gb,UA,Male
0,0,0,0,0,0,0,0,9,17,16,Gb,UA,Male
0,0,0,0,0,0,0,1,10,1,22,Gb,UA,Female
NA,NA,NA,NA,NA,NA,NA,NA,10,3,22,Gb,UA,Female
NA,NA,NA,NA,NA,NA,NA,NA,10,5,22,Gb,UA,Female
NA,NA,NA,NA,NA,NA,NA,NA,10,7,22,Gb,UA,Female
NA,NA,NA,NA,NA,NA,NA,NA,10,9,22,Gb,UA,Female
NA,NA,NA,NA,NA,NA,NA,NA,10,11,22,Gb,UA,Female
NA,NA,NA,NA,NA,NA,NA,NA,10,13,22,Gb,UA,Female
NA,NA,NA,NA,NA,NA,NA,NA,10,15,22,Gb,UA,Female
NA,NA,NA,NA,NA,NA,NA,NA,10,17,22,Gb,UA,Female
0,0,0,0,1,0,0,0,12,1,24,Gb,LA,Female
2,0,1,1,0,2,0,0,12,3,24,Gb,LA,Female
0,2,0,1,0,0,0,4,12,5,24,Gb,LA,Female
1,1,2,1,1,0,0,4,12,7,24,Gb,LA,Female
1,0,1,1,0,2,0,10,12,9,24,Gb,LA,Female
9,4,17,0,0,2,2,44,12,11,24,Gb,LA,Female
58,0,0,1,3,7,0,150,12,13,24,Gb,LA,Female
1,0,46,15,3,2,0,405,12,15,24,Gb,LA,Female
NA,NA,NA,NA,NA,NA,NA,NA,12,17,24,Gb,LA,Female
0,0,0,1,0,0,0,1,13,1,17,Gb,OS,Male
0,0,0,0,0,0,0,0,13,3,17,Gb,OS,Male
0,0,0,0,0,0,0,0,13,5,17,Gb,OS,Male
0,0,0,0,0,0,0,0,13,7,17,Gb,OS,Male
0,0,0,0,0,0,0,0,13,9,17,Gb,OS,Male
0,0,0,0,0,0,0,0,13,11,17,Gb,OS,Male
0,0,0,0,0,0,0,0,13,13,17,Gb,OS,Male
0,0,0,0,0,0,0,0,13,15,17,Gb,OS,Male
0,0,0,0,0,0,0,0,13,17,17,Gb,OS,Male
0,0,0,2,0,0,0,0,14,1,22,Gb,OS,Female
1,0,1,1,0,0,0,3,14,3,22,Gb,OS,Female
2,0,3,1,0,0,0,5,14,5,22,Gb,OS,Female
3,0,14,0,0,1,0,8,14,7,22,Gb,OS,Female
5,0,33,8,0,0,0,29,14,9,22,Gb,OS,Female
9,0,44,3,0,0,0,32,14,11,22,Gb,OS,Female
12,10,148,14,4,0,0,80,14,13,22,Gb,OS,Female
10,8,146,122,0,0,9,112,14,15,22,Gb,OS,Female
21,3,64,250,0,0,6,500,14,17,22,Gb,OS,Female
0,0,0,0,0,0,1,2,15,1,16,Gb,UA,Male
0,1,0,0,0,0,0,6,15,3,16,Gb,UA,Male
2,0,2,1,2,0,0,9,15,5,16,Gb,UA,Male
0,0,0,2,1,2,0,19,15,7,16,Gb,UA,Male
NA,NA,NA,NA,NA,NA,NA,NA,15,9,16,Gb,UA,Male
NA,NA,NA,NA,NA,NA,NA,NA,15,11,16,Gb,UA,Male
NA,NA,NA,NA,NA,NA,NA,NA,15,13,16,Gb,UA,Male
NA,NA,NA,NA,NA,NA,NA,NA,15,15,16,Gb,UA,Male
NA,NA,NA,NA,NA,NA,NA,NA,15,17,16,Gb,UA,Male
0,0,0,0,0,0,0,2,16,1,16,Gb,UA,Female
0,1,0,0,0,0,0,3,16,3,16,Gb,UA,Female
2,0,0,0,0,0,0,6,16,5,16,Gb,UA,Female
NA,NA,NA,NA,NA,NA,NA,NA,16,7,16,Gb,UA,Female
NA,NA,NA,NA,NA,NA,NA,NA,16,9,16,Gb,UA,Female
NA,NA,NA,NA,NA,NA,NA,NA,16,11,16,Gb,UA,Female
NA,NA,NA,NA,NA,NA,NA,NA,16,13,16,Gb,UA,Female
NA,NA,NA,NA,NA,NA,NA,NA,16,15,16,Gb,UA,Female
NA,NA,NA,NA,NA,NA,NA,NA,16,17,16,Gb,UA,Female
0,0,0,0,0,2,0,0,17,1,14,Gb,LA,Male
0,1,0,0,0,0,0,6,17,3,14,Gb,LA,Male
1,0,0,0,1,3,0,9,17,5,14,Gb,LA,Male
3,0,0,3,0,0,0,25,17,7,14,Gb,LA,Male
2,0,2,4,2,2,0,89,17,9,14,Gb,LA,Male
10,0,32,43,0,18,0,14,17,11,14,Gb,LA,Male
NA,NA,NA,NA,NA,NA,NA,NA,17,13,14,Gb,LA,Male
NA,NA,NA,NA,NA,NA,NA,NA,17,15,14,Gb,LA,Male
NA,NA,NA,NA,NA,NA,NA,NA,17,17,14,Gb,LA,Male
0,0,0,0,1,0,0,0,18,1,23,Gb,LA,Female
1,1,0,1,0,0,0,0,18,3,23,Gb,LA,Female
0,2,1,0,0,0,0,5,18,5,23,Gb,LA,Female
NA,NA,NA,NA,NA,NA,NA,NA,18,7,23,Gb,LA,Female
NA,NA,NA,NA,NA,NA,NA,NA,18,9,23,Gb,LA,Female
NA,NA,NA,NA,NA,NA,NA,NA,18,11,23,Gb,LA,Female
NA,NA,NA,NA,NA,NA,NA,NA,18,13,23,Gb,LA,Female
NA,NA,NA,NA,NA,NA,NA,NA,18,15,23,Gb,LA,Female
NA,NA,NA,NA,NA,NA,NA,NA,18,17,23,Gb,LA,Female
0,0,1,0,0,0,0,0,19,1,16,Gb,OS,Male
1,0,0,0,0,0,0,4,19,3,16,Gb,OS,Male
2,0,0,0,0,0,0,4,19,5,16,Gb,OS,Male
1,0,0,0,0,0,0,13,19,7,16,Gb,OS,Male
0,0,0,0,1,0,0,20,19,9,16,Gb,OS,Male
1,0,0,2,0,0,0,39,19,11,16,Gb,OS,Male
1,0,0,1,1,0,0,63,19,13,16,Gb,OS,Male
3,0,0,0,0,0,0,78,19,15,16,Gb,OS,Male
0,0,1,0,0,0,0,52,19,17,16,Gb,OS,Male
0,0,0,0,0,0,0,2,20,1,20,Gb,OS,Female
0,0,0,0,1,0,0,1,20,3,20,Gb,OS,Female
1,1,0,0,0,0,0,13,20,5,20,Gb,OS,Female
1,0,0,5,0,0,0,26,20,7,20,Gb,OS,Female
1,0,0,9,0,1,0,68,20,9,20,Gb,OS,Female
1,0,1,22,0,0,0,176,20,11,20,Gb,OS,Female
2,0,6,32,1,0,0,183,20,13,20,Gb,OS,Female
2,3,7,50,3,0,0,510,20,15,20,Gb,OS,Female
NA,NA,NA,NA,NA,NA,NA,NA,20,17,20,Gb,OS,Female
0,0,1,1,0,0,0,0,21,1,17,Gb,UA,Female
1,0,0,2,0,0,0,1,21,3,17,Gb,UA,Female
2,0,0,3,2,0,0,0,21,5,17,Gb,UA,Female
3,0,2,2,0,1,0,6,21,7,17,Gb,UA,Female
1,0,1,5,0,0,1,12,21,9,17,Gb,UA,Female
0,0,0,0,0,0,1,3,21,11,17,Gb,UA,Female
2,0,0,0,0,0,2,2,21,13,17,Gb,UA,Female
1,0,1,0,0,0,0,2,21,15,17,Gb,UA,Female
2,0,0,0,0,0,0,0,21,17,17,Gb,UA,Female
1,1,0,0,0,1,0,0,22,1,17,Gb,UA,Female
2,1,2,3,0,0,0,1,22,3,17,Gb,UA,Female
6,1,3,0,1,0,0,5,22,5,17,Gb,UA,Female
NA,NA,NA,NA,NA,NA,NA,NA,22,7,17,Gb,UA,Female
NA,NA,NA,NA,NA,NA,NA,NA,22,9,17,Gb,UA,Female
NA,NA,NA,NA,NA,NA,NA,NA,22,11,17,Gb,UA,Female
NA,NA,NA,NA,NA,NA,NA,NA,22,13,17,Gb,UA,Female
NA,NA,NA,NA,NA,NA,NA,NA,22,15,17,Gb,UA,Female
NA,NA,NA,NA,NA,NA,NA,NA,22,17,17,Gb,UA,Female
0,0,0,0,0,2,0,1,23,1,17,Gb,LA,Male
1,3,0,0,0,0,0,1,23,3,17,Gb,LA,Male
3,0,1,0,0,0,0,2,23,5,17,Gb,LA,Male
NA,NA,NA,NA,NA,NA,NA,NA,23,7,17,Gb,LA,Male
NA,NA,NA,NA,NA,NA,NA,NA,23,9,17,Gb,LA,Male
NA,NA,NA,NA,NA,NA,NA,NA,23,11,17,Gb,LA,Male
NA,NA,NA,NA,NA,NA,NA,NA,23,13,17,Gb,LA,Male
NA,NA,NA,NA,NA,NA,NA,NA,23,15,17,Gb,LA,Male
NA,NA,NA,NA,NA,NA,NA,NA,23,17,17,Gb,LA,Male
0,0,0,0,0,2,0,0,24,1,14,Gb,LA,Female
1,0,0,1,0,1,0,4,24,3,14,Gb,LA,Female
6,1,2,0,0,0,1,3,24,5,14,Gb,LA,Female
2,0,1,1,0,0,1,1,24,7,14,Gb,LA,Female
0,0,0,3,0,1,0,0,24,9,14,Gb,LA,Female
0,1,2,0,0,0,2,5,24,11,14,Gb,LA,Female
3,0,0,1,0,0,0,4,24,13,14,Gb,LA,Female
2,0,0,0,1,0,0,0,24,15,14,Gb,LA,Female
1,0,0,0,0,0,0,0,24,17,14,Gb,LA,Female
0,0,0,0,0,0,0,3,25,1,24,Gb,OS,Male
0,0,0,2,0,0,0,2,25,3,24,Gb,OS,Male
0,1,0,2,2,0,0,4,25,5,24,Gb,OS,Male
1,0,1,2,0,0,3,10,25,7,24,Gb,OS,Male
10,2,3,0,0,2,0,7,25,9,24,Gb,OS,Male
1,0,8,0,0,2,0,0,25,11,24,Gb,OS,Male
9,0,1,0,0,0,1,0,25,13,24,Gb,OS,Male
0,0,0,0,0,0,0,0,25,15,24,Gb,OS,Male
0,0,0,0,0,0,0,0,25,17,24,Gb,OS,Male
0,1,0,0,0,0,0,1,27,1,16,Gb,UA,Male
0,2,0,0,0,0,0,2,27,3,16,Gb,UA,Male
1,0,0,4,0,0,0,11,27,5,16,Gb,UA,Male
0,0,2,8,0,0,0,20,27,7,16,Gb,UA,Male
1,0,6,24,0,0,0,51,27,9,16,Gb,UA,Male
0,0,5,2,0,0,0,156,27,11,16,Gb,UA,Male
2,0,1,10,0,0,0,362,27,13,16,Gb,UA,Male
NA,NA,NA,NA,NA,NA,NA,NA,27,15,16,Gb,UA,Male
NA,NA,NA,NA,NA,NA,NA,NA,27,17,16,Gb,UA,Male
0,0,1,0,0,0,0,0,28,1,14,Gb,UA,Female
2,0,1,0,0,0,0,0,28,3,14,Gb,UA,Female
0,2,3,1,0,0,0,1,28,5,14,Gb,UA,Female
1,1,2,5,0,0,0,10,28,7,14,Gb,UA,Female
NA,NA,NA,NA,NA,NA,NA,NA,28,9,14,Gb,UA,Female
NA,NA,NA,NA,NA,NA,NA,NA,28,11,14,Gb,UA,Female
NA,NA,NA,NA,NA,NA,NA,NA,28,13,14,Gb,UA,Female
NA,NA,NA,NA,NA,NA,NA,NA,28,15,14,Gb,UA,Female
NA,NA,NA,NA,NA,NA,NA,NA,28,17,14,Gb,UA,Female
0,0,1,0,0,0,1,0,29,1,16,Gb,LA,Male
0,0,0,0,1,0,0,0,29,3,16,Gb,LA,Male
0,0,0,0,0,0,0,0,29,5,16,Gb,LA,Male
0,0,0,0,0,0,0,0,29,7,16,Gb,LA,Male
0,0,0,0,0,0,0,0,29,9,16,Gb,LA,Male
0,0,0,0,0,0,0,0,29,11,16,Gb,LA,Male
0,0,0,0,0,0,0,0,29,13,16,Gb,LA,Male
0,0,0,0,0,0,0,0,29,15,16,Gb,LA,Male
0,0,0,0,0,0,0,0,29,17,16,Gb,LA,Male
1,0,2,0,0,0,0,0,30,1,14.5,Gb,LA,Female
7,1,0,0,0,0,0,0,30,3,14.5,Gb,LA,Female
4,1,2,1,0,0,0,2,30,5,14.5,Gb,LA,Female
11,1,1,1,0,0,0,8,30,7,14.5,Gb,LA,Female
1,0,0,0,0,0,0,6,30,9,14.5,Gb,LA,Female
1,0,0,0,0,0,0,2,30,11,14.5,Gb,LA,Female
0,0,0,0,0,1,0,1,30,13,14.5,Gb,LA,Female
1,0,0,0,0,0,0,0,30,15,14.5,Gb,LA,Female
0,0,0,0,0,0,0,0,30,17,14.5,Gb,LA,Female
0,0,0,1,0,0,0,1,31,1,15,Gb,OS,Male
1,0,5,2,1,0,0,0,31,3,15,Gb,OS,Male
NA,NA,NA,NA,NA,NA,NA,NA,31,5,15,Gb,OS,Male
NA,NA,NA,NA,NA,NA,NA,NA,31,7,15,Gb,OS,Male
NA,NA,NA,NA,NA,NA,NA,NA,31,9,15,Gb,OS,Male
NA,NA,NA,NA,NA,NA,NA,NA,31,11,15,Gb,OS,Male
NA,NA,NA,NA,NA,NA,NA,NA,31,13,15,Gb,OS,Male
NA,NA,NA,NA,NA,NA,NA,NA,31,15,15,Gb,OS,Male
NA,NA,NA,NA,NA,NA,NA,NA,31,17,15,Gb,OS,Male
0,0,1,0,0,0,0,1,32,1,12.5,Gb,OS,Female
2,0,2,0,0,0,0,3,32,3,12.5,Gb,OS,Female
3,0,0,0,0,0,0,0,32,5,12.5,Gb,OS,Female
NA,NA,NA,NA,NA,NA,NA,NA,32,7,12.5,Gb,OS,Female
NA,NA,NA,NA,NA,NA,NA,NA,32,9,12.5,Gb,OS,Female
NA,NA,NA,NA,NA,NA,NA,NA,32,11,12.5,Gb,OS,Female
NA,NA,NA,NA,NA,NA,NA,NA,32,13,12.5,Gb,OS,Female
NA,NA,NA,NA,NA,NA,NA,NA,32,15,12.5,Gb,OS,Female
NA,NA,NA,NA,NA,NA,NA,NA,32,17,12.5,Gb,OS,Female
3,0,0,0,0,0,0,0,33,1,14.5,Gb,UA,Male
0,0,0,0,0,0,0,0,33,3,14.5,Gb,UA,Male
0,0,0,0,0,0,0,0,33,5,14.5,Gb,UA,Male
0,0,0,0,0,0,0,0,33,7,14.5,Gb,UA,Male
0,0,0,0,0,0,0,0,33,9,14.5,Gb,UA,Male
0,0,0,0,0,0,0,0,33,11,14.5,Gb,UA,Male
0,0,0,0,0,0,0,0,33,13,14.5,Gb,UA,Male
0,0,0,0,0,0,0,0,33,15,14.5,Gb,UA,Male
0,0,0,0,0,0,0,0,33,17,14.5,Gb,UA,Male
0,0,1,2,0,0,0,0,34,1,16,Gb,UA,Female
2,1,1,0,0,0,0,2,34,3,16,Gb,UA,Female
1,3,0,2,3,2,0,10,34,5,16,Gb,UA,Female
NA,NA,NA,NA,NA,NA,NA,NA,34,7,16,Gb,UA,Female
NA,NA,NA,NA,NA,NA,NA,NA,34,9,16,Gb,UA,Female
NA,NA,NA,NA,NA,NA,NA,NA,34,11,16,Gb,UA,Female
NA,NA,NA,NA,NA,NA,NA,NA,34,13,16,Gb,UA,Female
NA,NA,NA,NA,NA,NA,NA,NA,34,15,16,Gb,UA,Female
NA,NA,NA,NA,NA,NA,NA,NA,34,17,16,Gb,UA,Female
1,0,1,0,0,0,0,0,35,1,15,Gb,LA,Male
2,0,6,0,0,0,0,1,35,3,15,Gb,LA,Male
20,1,2,6,0,0,0,9,35,5,15,Gb,LA,Male
32,0,36,0,2,0,2,1,35,7,15,Gb,LA,Male
30,8,70,14,0,4,2,60,35,9,15,Gb,LA,Male
NA,NA,NA,NA,NA,NA,NA,NA,35,11,15,Gb,LA,Male
NA,NA,NA,NA,NA,NA,NA,NA,35,13,15,Gb,LA,Male
NA,NA,NA,NA,NA,NA,NA,NA,35,15,15,Gb,LA,Male
NA,NA,NA,NA,NA,NA,NA,NA,35,17,15,Gb,LA,Male
0,0,0,0,0,0,0,1,36,1,17,Gb,LA,Female
3,1,1,0,1,0,0,2,36,3,17,Gb,LA,Female
8,0,13,0,0,0,0,5,36,5,17,Gb,LA,Female
0,0,1,2,0,0,0,9,36,7,17,Gb,LA,Female
0,0,0,0,1,0,0,0,36,9,17,Gb,LA,Female
0,0,0,0,0,0,0,1,36,11,17,Gb,LA,Female
0,0,0,0,0,0,0,2,36,13,17,Gb,LA,Female
0,1,0,1,0,0,0,2,36,15,17,Gb,LA,Female
0,2,0,0,1,0,0,0,36,17,17,Gb,LA,Female
0,0,2,0,0,0,0,0,37,1,18,Gb,OS,Male
0,0,3,0,0,0,0,0,37,3,18,Gb,OS,Male
4,0,0,2,0,0,0,8,37,5,18,Gb,OS,Male
0,0,0,1,1,0,0,4,37,7,18,Gb,OS,Male
1,0,1,0,1,1,0,10,37,9,18,Gb,OS,Male
0,0,0,0,0,0,0,12,37,11,18,Gb,OS,Male
0,0,0,1,0,0,0,7,37,13,18,Gb,OS,Male
1,0,0,0,0,0,1,1,37,15,18,Gb,OS,Male
0,0,0,0,0,0,0,0,37,17,18,Gb,OS,Male
0,0,0,0,0,4,0,0,38,1,24,Gb,OS,Female
0,1,0,0,1,1,0,7,38,3,24,Gb,OS,Female
0,0,1,1,0,0,0,19,38,5,24,Gb,OS,Female
7,2,1,5,0,0,0,29,38,7,24,Gb,OS,Female
1,0,8,4,0,0,0,125,38,9,24,Gb,OS,Female
3,0,30,7,0,0,0,538,38,11,24,Gb,OS,Female
0,1,33,0,0,0,0,700,38,13,24,Gb,OS,Female
14,0,77,13,1,16,0,800,38,15,24,Gb,OS,Female
NA,NA,NA,NA,NA,NA,NA,NA,38,17,24,Gb,OS,Female
0,0,0,0,0,0,0,2,39,1,16,Gb,UA,Male
0,0,0,0,0,0,0,4,39,3,16,Gb,UA,Male
2,4,0,0,0,2,0,12,39,5,16,Gb,UA,Male
NA,NA,NA,NA,NA,NA,NA,NA,39,7,16,Gb,UA,Male
NA,NA,NA,NA,NA,NA,NA,NA,39,9,16,Gb,UA,Male
NA,NA,NA,NA,NA,NA,NA,NA,39,11,16,Gb,UA,Male
NA,NA,NA,NA,NA,NA,NA,NA,39,13,16,Gb,UA,Male
NA,NA,NA,NA,NA,NA,NA,NA,39,15,16,Gb,UA,Male
NA,NA,NA,NA,NA,NA,NA,NA,39,17,16,Gb,UA,Male
0,0,0,0,1,1,0,0,40,1,19,Gb,UA,Female
0,2,0,3,1,0,0,4,40,3,19,Gb,UA,Female
0,0,0,1,0,0,0,24,40,5,19,Gb,UA,Female
1,5,3,8,4,5,0,23,40,7,19,Gb,UA,Female
1,16,13,33,6,0,0,131,40,9,19,Gb,UA,Female
NA,NA,NA,NA,NA,NA,NA,NA,40,11,19,Gb,UA,Female
NA,NA,NA,NA,NA,NA,NA,NA,40,13,19,Gb,UA,Female
NA,NA,NA,NA,NA,NA,NA,NA,40,15,19,Gb,UA,Female
NA,NA,NA,NA,NA,NA,NA,NA,40,17,19,Gb,UA,Female
0,0,0,0,0,2,0,0,41,1,14,Gb,LA,Male
0,0,0,1,0,0,0,6,41,3,14,Gb,LA,Male
0,0,0,1,1,0,0,7,41,5,14,Gb,LA,Male
2,0,4,0,0,0,0,4,41,7,14,Gb,LA,Male
0,0,8,0,3,0,0,0,41,9,14,Gb,LA,Male
NA,NA,NA,NA,NA,NA,NA,3,41,11,14,Gb,LA,Male
NA,NA,NA,NA,NA,NA,NA,3,41,13,14,Gb,LA,Male
NA,NA,NA,NA,NA,NA,NA,2,41,15,14,Gb,LA,Male
NA,NA,NA,NA,NA,NA,NA,2,41,17,14,Gb,LA,Male
0,0,0,0,0,2,0,0,42,1,27,Gb,LA,Female
0,0,0,1,0,3,0,1,42,3,27,Gb,LA,Female
0,0,1,4,3,0,0,7,42,5,27,Gb,LA,Female
1,0,3,0,5,3,0,10,42,7,27,Gb,LA,Female
3,4,12,1,0,3,0,44,42,9,27,Gb,LA,Female
6,13,60,25,6,0,3,59,42,11,27,Gb,LA,Female
6,10,102,26,0,0,0,81,42,13,27,Gb,LA,Female
NA,NA,NA,NA,NA,NA,NA,NA,42,15,27,Gb,LA,Female
NA,NA,NA,NA,NA,NA,NA,NA,42,17,27,Gb,LA,Female
0,0,1,0,0,0,0,0,43,1,20,Gb,OS,Male
2,1,0,1,0,0,0,4,43,3,20,Gb,OS,Male
0,1,0,0,2,0,0,5,43,5,20,Gb,OS,Male
3,1,0,3,0,0,0,5,43,7,20,Gb,OS,Male
0,0,3,10,0,0,0,38,43,9,20,Gb,OS,Male
0,0,1,26,0,2,0,57,43,11,20,Gb,OS,Male
1,0,1,29,6,0,0,84,43,13,20,Gb,OS,Male
2,0,2,26,0,0,0,78,43,15,20,Gb,OS,Male
2,0,4,54,0,1,0,418,43,17,20,Gb,OS,Male
1,0,0,0,0,0,0,0,45,1,13,Gt,UA,Male
NA,NA,NA,NA,NA,NA,NA,NA,45,3,13,Gt,UA,Male
NA,NA,NA,NA,NA,NA,NA,NA,45,5,13,Gt,UA,Male
NA,NA,NA,NA,NA,NA,NA,NA,45,7,13,Gt,UA,Male
NA,NA,NA,NA,NA,NA,NA,NA,45,9,13,Gt,UA,Male
NA,NA,NA,NA,NA,NA,NA,NA,45,11,13,Gt,UA,Male
NA,NA,NA,NA,NA,NA,NA,NA,45,13,13,Gt,UA,Male
NA,NA,NA,NA,NA,NA,NA,NA,45,15,13,Gt,UA,Male
NA,NA,NA,NA,NA,NA,NA,NA,45,17,13,Gt,UA,Male
0,0,0,0,1,0,0,0,46,1,16,Gb,UA,Female
0,1,0,0,0,0,0,4,46,3,16,Gb,UA,Female
4,2,0,2,0,0,0,1,46,5,16,Gb,UA,Female
1,3,4,5,2,0,0,4,46,7,16,Gb,UA,Female
NA,NA,NA,NA,NA,NA,NA,NA,46,9,16,Gb,UA,Female
NA,NA,NA,NA,NA,NA,NA,NA,46,11,16,Gb,UA,Female
NA,NA,NA,NA,NA,NA,NA,NA,46,13,16,Gb,UA,Female
NA,NA,NA,NA,NA,NA,NA,NA,46,15,16,Gb,UA,Female
NA,NA,NA,NA,NA,NA,NA,NA,46,17,16,Gb,UA,Female
0,0,0,1,0,0,0,0,47,1,15,Gt,LA,Male
NA,NA,NA,NA,NA,NA,NA,NA,47,3,15,Gt,LA,Male
NA,NA,NA,NA,NA,NA,NA,NA,47,5,15,Gt,LA,Male
NA,NA,NA,NA,NA,NA,NA,NA,47,7,15,Gt,LA,Male
NA,NA,NA,NA,NA,NA,NA,NA,47,9,15,Gt,LA,Male
NA,NA,NA,NA,NA,NA,NA,NA,47,11,15,Gt,LA,Male
NA,NA,NA,NA,NA,NA,NA,NA,47,13,15,Gt,LA,Male
NA,NA,NA,NA,NA,NA,NA,NA,47,15,15,Gt,LA,Male
NA,NA,NA,NA,NA,NA,NA,NA,47,17,15,Gt,LA,Male
0,0,1,0,0,0,0,0,48,1,16,Gb,LA,Female
1,0,1,0,0,0,0,1,48,3,16,Gb,LA,Female
3,3,0,1,0,0,0,6,48,5,16,Gb,LA,Female
NA,NA,NA,NA,NA,NA,NA,NA,48,7,16,Gb,LA,Female
NA,NA,NA,NA,NA,NA,NA,NA,48,9,16,Gb,LA,Female
NA,NA,NA,NA,NA,NA,NA,NA,48,11,16,Gb,LA,Female
NA,NA,NA,NA,NA,NA,NA,NA,48,13,16,Gb,LA,Female
NA,NA,NA,NA,NA,NA,NA,NA,48,15,16,Gb,LA,Female
NA,NA,NA,NA,NA,NA,NA,NA,48,17,16,Gb,LA,Female
1,0,1,0,0,0,0,0,49,1,22,Gb,OS,Male
1,0,1,0,0,0,1,0,49,3,22,Gb,OS,Male
5,0,5,0,0,2,0,0,49,5,22,Gb,OS,Male
10,0,10,1,0,0,0,1,49,7,22,Gb,OS,Male
20,1,36,0,0,0,0,14,49,9,22,Gb,OS,Male
3,2,78,0,0,1,1,20,49,11,22,Gb,OS,Male
10,0,56,7,13,0,0,46,49,13,22,Gb,OS,Male
NA,NA,NA,NA,NA,NA,NA,NA,49,15,22,Gb,OS,Male
NA,NA,NA,NA,NA,NA,NA,NA,49,17,22,Gb,OS,Male
1,0,0,0,0,0,0,0,50,1,19,Gb,OS,Female
1,1,0,0,1,0,0,2,50,3,19,Gb,OS,Female
4,0,2,0,1,0,0,6,50,5,19,Gb,OS,Female
8,4,3,0,2,0,1,3,50,7,19,Gb,OS,Female
3,3,14,0,7,0,2,16,50,9,19,Gb,OS,Female
5,0,18,0,0,2,2,18,50,11,19,Gb,OS,Female
4,3,16,1,0,0,0,16,50,13,19,Gb,OS,Female
1,0,3,0,0,0,0,7,50,15,19,Gb,OS,Female
1,0,0,0,3,0,0,18,50,17,19,Gb,OS,Female
2,0,0,0,0,0,0,0,51,1,16,Gt,UA,Male
7,0,3,0,0,0,0,0,51,3,16,Gt,UA,Male
4,0,5,1,0,0,0,0,51,5,16,Gt,UA,Male
6,0,8,4,0,0,0,6,51,7,16,Gt,UA,Male
9,1,17,0,0,0,0,31,51,9,16,Gt,UA,Male
15,0,42,3,0,0,0,45,51,11,16,Gt,UA,Male
NA,NA,NA,NA,NA,NA,NA,NA,51,13,16,Gt,UA,Male
NA,NA,NA,NA,NA,NA,NA,NA,51,15,16,Gt,UA,Male
NA,NA,NA,NA,NA,NA,NA,NA,51,17,16,Gt,UA,Male
1,0,1,0,0,0,0,0,53,1,16,Gt,LA,Male
2,2,0,0,1,0,1,1,53,3,16,Gt,LA,Male
2,1,0,0,1,0,1,1,53,5,16,Gt,LA,Male
0,0,0,1,0,1,0,5,53,7,16,Gt,LA,Male
0,0,0,0,0,1,0,3,53,9,16,Gt,LA,Male
1,0,1,0,0,0,0,3,53,11,16,Gt,LA,Male
0,0,0,0,0,0,1,1,53,13,16,Gt,LA,Male
0,0,0,0,1,0,0,5,53,15,16,Gt,LA,Male
4,0,1,1,0,0,0,14,53,17,16,Gt,LA,Male
0,0,1,1,0,0,0,0,54,1,19,Gb,LA,Female
2,0,0,0,2,0,0,0,54,3,19,Gb,LA,Female
2,0,2,0,0,0,0,2,54,5,19,Gb,LA,Female
5,1,4,1,1,0,0,7,54,7,19,Gb,LA,Female
2,1,2,2,2,4,0,36,54,9,19,Gb,LA,Female
12,7,9,19,6,0,1,35,54,11,19,Gb,LA,Female
NA,NA,NA,NA,NA,NA,NA,NA,54,13,19,Gb,LA,Female
NA,NA,NA,NA,NA,NA,NA,NA,54,15,19,Gb,LA,Female
NA,NA,NA,NA,NA,NA,NA,NA,54,17,19,Gb,LA,Female
1,0,0,0,0,0,0,0,55,1,17,Gt,OS,Male
NA,NA,NA,NA,NA,NA,NA,NA,55,3,17,Gt,OS,Male
NA,NA,NA,NA,NA,NA,NA,NA,55,5,17,Gt,OS,Male
NA,NA,NA,NA,NA,NA,NA,NA,55,7,17,Gt,OS,Male
NA,NA,NA,NA,NA,NA,NA,NA,55,9,17,Gt,OS,Male
NA,NA,NA,NA,NA,NA,NA,NA,55,11,17,Gt,OS,Male
NA,NA,NA,NA,NA,NA,NA,NA,55,13,17,Gt,OS,Male
NA,NA,NA,NA,NA,NA,NA,NA,55,15,17,Gt,OS,Male
NA,NA,NA,NA,NA,NA,NA,NA,55,17,17,Gt,OS,Male
0,0,1,0,0,0,0,0,56,1,12,Gt,OS,Female
NA,NA,NA,NA,NA,NA,NA,NA,56,3,12,Gt,OS,Female
NA,NA,NA,NA,NA,NA,NA,NA,56,5,12,Gt,OS,Female
NA,NA,NA,NA,NA,NA,NA,NA,56,7,12,Gt,OS,Female
NA,NA,NA,NA,NA,NA,NA,NA,56,9,12,Gt,OS,Female
NA,NA,NA,NA,NA,NA,NA,NA,56,11,12,Gt,OS,Female
NA,NA,NA,NA,NA,NA,NA,NA,56,13,12,Gt,OS,Female
NA,NA,NA,NA,NA,NA,NA,NA,56,15,12,Gt,OS,Female
NA,NA,NA,NA,NA,NA,NA,NA,56,17,12,Gt,OS,Female
1,0,0,0,0,0,0,0,57,1,12,Gt,UA,Male
5,1,0,0,0,0,0,0,57,3,12,Gt,UA,Male
NA,NA,NA,NA,NA,NA,NA,NA,57,5,12,Gt,UA,Male
NA,NA,NA,NA,NA,NA,NA,NA,57,7,12,Gt,UA,Male
NA,NA,NA,NA,NA,NA,NA,NA,57,9,12,Gt,UA,Male
NA,NA,NA,NA,NA,NA,NA,NA,57,11,12,Gt,UA,Male
NA,NA,NA,NA,NA,NA,NA,NA,57,13,12,Gt,UA,Male
NA,NA,NA,NA,NA,NA,NA,NA,57,15,12,Gt,UA,Male
NA,NA,NA,NA,NA,NA,NA,NA,57,17,12,Gt,UA,Male
0,0,2,1,0,0,0,0,58,1,17,Gt,UA,Female
2,2,0,0,0,0,0,1,58,3,17,Gt,UA,Female
4,1,0,1,0,0,0,1,58,5,17,Gt,UA,Female
3,0,2,1,0,0,0,1,58,7,17,Gt,UA,Female
2,0,4,1,1,0,0,1,58,9,17,Gt,UA,Female
1,1,0,3,0,0,0,1,58,11,17,Gt,UA,Female
0,0,4,1,0,0,0,2,58,13,17,Gt,UA,Female
2,0,3,0,0,3,0,2,58,15,17,Gt,UA,Female
0,1,1,0,0,0,1,3,58,17,17,Gt,UA,Female
2,0,0,0,0,0,0,0,59,1,17,Gb,LA,Male
3,0,3,0,0,0,0,0,59,3,17,Gb,LA,Male
6,2,1,0,0,0,0,2,59,5,17,Gb,LA,Male
14,0,4,1,3,0,0,2,59,7,17,Gb,LA,Male
26,0,18,3,12,0,0,12,59,9,17,Gb,LA,Male
48,22,40,6,0,2,19,48,59,11,17,Gb,LA,Male
NA,NA,NA,NA,NA,NA,NA,NA,59,13,17,Gb,LA,Male
NA,NA,NA,NA,NA,NA,NA,NA,59,15,17,Gb,LA,Male
NA,NA,NA,NA,NA,NA,NA,NA,59,17,17,Gb,LA,Male
1,1,0,0,0,0,0,0,60,1,18,Gt,LA,Female
3,0,3,0,0,0,1,2,60,3,18,Gt,LA,Female
5,0,1,0,0,0,1,2,60,5,18,Gt,LA,Female
4,0,0,0,0,0,0,3,60,7,18,Gt,LA,Female
2,1,1,4,0,2,1,0,60,9,18,Gt,LA,Female
1,0,1,0,0,1,0,6,60,11,18,Gt,LA,Female
1,0,0,0,0,0,0,0,60,13,18,Gt,LA,Female
3,0,0,0,0,1,0,0,60,15,18,Gt,LA,Female
1,0,0,0,0,0,0,0,60,17,18,Gt,LA,Female
1,0,0,0,0,0,0,0,61,1,22,Gt,OS,Male
6,0,1,0,0,0,0,0,61,3,22,Gt,OS,Male
8,0,0,0,0,0,0,0,61,5,22,Gt,OS,Male
23,0,2,0,0,0,0,0,61,7,22,Gt,OS,Male
44,0,5,6,0,0,0,0,61,9,22,Gt,OS,Male
86,0,0,1,3,0,1,1,61,11,22,Gt,OS,Male
108,0,23,4,2,0,0,2,61,13,22,Gt,OS,Male
152,0,50,13,0,1,0,20,61,15,22,Gt,OS,Male
212,11,121,38,11,14,33,72,61,17,22,Gt,OS,Male
1,0,0,0,0,0,0,0,62,1,18,Gt,OS,Female
2,0,0,0,1,0,0,0,62,3,18,Gt,OS,Female
1,0,1,0,1,0,0,0,62,5,18,Gt,OS,Female
2,1,3,0,0,0,0,0,62,7,18,Gt,OS,Female
1,2,2,0,0,0,3,0,62,9,18,Gt,OS,Female
2,0,0,0,0,0,0,0,62,11,18,Gt,OS,Female
2,0,0,0,1,0,0,0,62,13,18,Gt,OS,Female
3,0,0,2,0,1,0,0,62,15,18,Gt,OS,Female
NA,NA,NA,NA,NA,NA,NA,NA,62,17,18,Gt,OS,Female
1,0,0,0,0,2,0,0,63,1,12,Gt,UA,Male
3,0,2,0,1,0,0,3,63,3,12,Gt,UA,Male
9,0,0,1,1,0,0,3,63,5,12,Gt,UA,Male
10,0,8,9,3,0,0,29,63,7,12,Gt,UA,Male
28,0,22,28,13,0,0,64,63,9,12,Gt,UA,Male
NA,NA,NA,NA,NA,NA,NA,NA,63,11,12,Gt,UA,Male
NA,NA,NA,NA,NA,NA,NA,NA,63,13,12,Gt,UA,Male
NA,NA,NA,NA,NA,NA,NA,NA,63,15,12,Gt,UA,Male
NA,NA,NA,NA,NA,NA,NA,NA,63,17,12,Gt,UA,Male
1,0,0,0,0,1,0,0,64,1,15,Gb,UA,Female
0,0,1,0,0,0,0,1,64,3,15,Gb,UA,Female
0,0,0,1,0,0,0,0,64,5,15,Gb,UA,Female
0,0,0,6,0,0,0,0,64,7,15,Gb,UA,Female
0,0,0,0,0,0,0,18,64,9,15,Gb,UA,Female
NA,NA,NA,NA,NA,NA,NA,NA,64,11,15,Gb,UA,Female
NA,NA,NA,NA,NA,NA,NA,NA,64,13,15,Gb,UA,Female
NA,NA,NA,NA,NA,NA,NA,NA,64,15,15,Gb,UA,Female
NA,NA,NA,NA,NA,NA,NA,NA,64,17,15,Gb,UA,Female
1,0,0,0,0,0,0,0,65,1,16,Gt,LA,Male
2,0,0,1,2,0,0,0,65,3,16,Gt,LA,Male
5,0,0,0,2,0,0,0,65,5,16,Gt,LA,Male
NA,NA,NA,NA,NA,NA,NA,NA,65,7,16,Gt,LA,Male
NA,NA,NA,NA,NA,NA,NA,NA,65,9,16,Gt,LA,Male
NA,NA,NA,NA,NA,NA,NA,NA,65,11,16,Gt,LA,Male
NA,NA,NA,NA,NA,NA,NA,NA,65,13,16,Gt,LA,Male
NA,NA,NA,NA,NA,NA,NA,NA,65,15,16,Gt,LA,Male
NA,NA,NA,NA,NA,NA,NA,NA,65,17,16,Gt,LA,Male
1,1,0,0,0,0,0,0,66,1,25,Gt,LA,Female
2,1,0,0,2,0,0,3,66,3,25,Gt,LA,Female
2,0,3,1,2,0,0,3,66,5,25,Gt,LA,Female
7,1,3,0,1,0,0,4,66,7,25,Gt,LA,Female
12,1,3,2,6,0,1,42,66,9,25,Gt,LA,Female
31,4,8,23,9,5,0,77,66,11,25,Gt,LA,Female
32,4,32,1,1,5,0,300,66,13,25,Gt,LA,Female
27,1,81,11,0,10,1,600,66,15,25,Gt,LA,Female
8,0,29,12,2,6,1,123,66,17,25,Gt,LA,Female
2,0,0,0,0,0,0,0,67,1,18,Gt,OS,Male
3,0,0,0,0,1,0,2,67,3,18,Gt,OS,Male
7,0,2,0,0,1,0,2,67,5,18,Gt,OS,Male
12,3,18,2,2,0,2,5,67,7,18,Gt,OS,Male
1,16,43,22,0,2,0,27,67,9,18,Gt,OS,Male
0,3,67,17,0,4,7,40,67,11,18,Gt,OS,Male
1,3,75,36,3,16,18,84,67,13,18,Gt,OS,Male
5,6,58,80,5,20,0,780,67,15,18,Gt,OS,Male
NA,NA,NA,NA,NA,NA,NA,NA,67,17,18,Gt,OS,Male
2,0,0,0,0,0,0,0,68,1,25,Gt,OS,Female
5,0,1,0,0,0,0,0,68,3,25,Gt,OS,Female
7,0,0,0,0,0,0,0,68,5,25,Gt,OS,Female
2,0,1,0,0,0,3,0,68,7,25,Gt,OS,Female
5,0,4,3,0,2,0,0,68,9,25,Gt,OS,Female
0,0,1,0,0,0,0,0,68,11,25,Gt,OS,Female
1,0,0,0,0,0,0,0,68,13,25,Gt,OS,Female
NA,NA,NA,NA,NA,NA,NA,NA,68,15,25,Gt,OS,Female
NA,NA,NA,NA,NA,NA,NA,NA,68,17,25,Gt,OS,Female
2,0,0,0,0,0,0,0,69,1,16,Gt,UA,Male
4,0,0,0,0,0,0,0,69,3,16,Gt,UA,Male
NA,NA,NA,NA,NA,NA,NA,NA,69,5,16,Gt,UA,Male
NA,NA,NA,NA,NA,NA,NA,NA,69,7,16,Gt,UA,Male
NA,NA,NA,NA,NA,NA,NA,NA,69,9,16,Gt,UA,Male
NA,NA,NA,NA,NA,NA,NA,NA,69,11,16,Gt,UA,Male
NA,NA,NA,NA,NA,NA,NA,NA,69,13,16,Gt,UA,Male
NA,NA,NA,NA,NA,NA,NA,NA,69,15,16,Gt,UA,Male
NA,NA,NA,NA,NA,NA,NA,NA,69,17,16,Gt,UA,Male
2,0,0,0,0,0,0,0,70,1,19,Gt,UA,Female
3,0,0,0,0,0,0,0,70,3,19,Gt,UA,Female
7,0,1,0,0,0,0,0,70,5,19,Gt,UA,Female
12,4,3,0,0,0,2,0,70,7,19,Gt,UA,Female
NA,NA,NA,NA,NA,NA,NA,NA,70,9,19,Gt,UA,Female
NA,NA,NA,NA,NA,NA,NA,NA,70,11,19,Gt,UA,Female
NA,NA,NA,NA,NA,NA,NA,NA,70,13,19,Gt,UA,Female
NA,NA,NA,NA,NA,NA,NA,NA,70,15,19,Gt,UA,Female
NA,NA,NA,NA,NA,NA,NA,NA,70,17,19,Gt,UA,Female
3,0,0,0,0,0,0,0,71,1,13,Gt,OS,Male
5,0,1,0,1,0,0,0,71,3,13,Gt,OS,Male
2,0,12,0,1,0,0,0,71,5,13,Gt,OS,Male
7,2,20,0,3,0,0,0,71,7,13,Gt,OS,Male
0,8,8,0,4,1,0,0,71,9,13,Gt,OS,Male
1,0,1,3,0,0,0,0,71,11,13,Gt,OS,Male
0,0,0,1,0,0,0,0,71,13,13,Gt,OS,Male
0,0,0,0,0,0,0,0,71,15,13,Gt,OS,Male
0,0,0,0,0,0,0,0,71,17,13,Gt,OS,Male
0,0,0,0,1,0,0,0,72,1,24,Gt,OS,Female
4,1,0,0,1,0,1,0,72,3,24,Gt,OS,Female
8,5,0,0,1,0,1,0,72,5,24,Gt,OS,Female
15,1,7,1,0,0,3,0,72,7,24,Gt,OS,Female
3,4,23,0,0,1,1,10,72,9,24,Gt,OS,Female
24,3,33,0,0,3,7,0,72,11,24,Gt,OS,Female
13,16,76,0,6,8,0,3,72,13,24,Gt,OS,Female
13,7,58,4,7,2,2,0,72,15,24,Gt,OS,Female
5,4,32,0,0,0,2,0,72,17,24,Gt,OS,Female
0,0,0,0,1,0,0,0,73,1,14,Gt,OS,Male
1,0,0,0,0,1,1,0,73,3,14,Gt,OS,Male
5,0,0,0,0,1,1,0,73,5,14,Gt,OS,Male
NA,NA,NA,NA,NA,NA,NA,NA,73,7,14,Gt,OS,Male
NA,NA,NA,NA,NA,NA,NA,NA,73,9,14,Gt,OS,Male
NA,NA,NA,NA,NA,NA,NA,NA,73,11,14,Gt,OS,Male
NA,NA,NA,NA,NA,NA,NA,NA,73,13,14,Gt,OS,Male
NA,NA,NA,NA,NA,NA,NA,NA,73,15,14,Gt,OS,Male
NA,NA,NA,NA,NA,NA,NA,NA,73,17,14,Gt,OS,Male
1,0,0,0,0,0,0,0,74,1,16,Gt,OS,Female
5,0,0,0,0,1,1,0,74,3,16,Gt,OS,Female
7,1,1,0,0,1,1,0,74,5,16,Gt,OS,Female
8,1,7,0,0,2,2,0,74,7,16,Gt,OS,Female
11,0,23,10,6,6,2,0,74,9,16,Gt,OS,Female
3,5,74,0,8,5,5,1,74,11,16,Gt,OS,Female
6,5,70,6,0,2,6,0,74,13,16,Gt,OS,Female
NA,NA,NA,NA,NA,NA,NA,NA,74,15,16,Gt,OS,Female
NA,NA,NA,NA,NA,NA,NA,NA,74,17,16,Gt,OS,Female
1,0,0,0,0,0,0,0,75,1,19,Gt3,OS,Male
1,0,0,1,0,0,0,0,75,3,19,Gt3,OS,Male
2,1,0,0,0,1,1,0,75,5,19,Gt3,OS,Male
2,1,0,0,0,1,1,0,75,7,19,Gt3,OS,Male
21,0,17,1,0,6,8,0,75,9,19,Gt3,OS,Male
10,1,23,2,1,1,0,0,75,11,19,Gt3,OS,Male
7,0,7,0,1,1,8,0,75,13,19,Gt3,OS,Male
0,1,0,4,2,3,6,0,75,15,19,Gt3,OS,Male
1,0,3,0,1,1,1,0,75,17,19,Gt3,OS,Male
1,0,0,0,0,0,0,0,76,1,21,Gt3,OS,Female
0,0,0,0,0,0,0,0,76,3,21,Gt3,OS,Female
0,0,0,0,0,0,0,0,76,5,21,Gt3,OS,Female
0,0,0,0,0,0,0,0,76,7,21,Gt3,OS,Female
0,0,0,0,0,0,0,0,76,9,21,Gt3,OS,Female
0,0,0,0,0,0,0,0,76,11,21,Gt3,OS,Female
0,0,0,0,0,0,0,0,76,13,21,Gt3,OS,Female
0,0,0,0,0,0,0,0,76,15,21,Gt3,OS,Female
0,0,0,0,0,0,0,0,76,17,21,Gt3,OS,Female
2,0,0,0,0,0,0,0,77,1,18,Gt3,UA,Male
4,0,0,0,0,0,0,0,77,3,18,Gt3,UA,Male
0,0,0,0,0,0,0,0,77,5,18,Gt3,UA,Male
0,0,0,0,0,0,0,0,77,7,18,Gt3,UA,Male
0,0,0,0,0,0,0,0,77,9,18,Gt3,UA,Male
0,0,0,0,0,0,0,0,77,11,18,Gt3,UA,Male
0,0,0,0,0,0,0,0,77,13,18,Gt3,UA,Male
0,0,0,0,0,0,0,0,77,15,18,Gt3,UA,Male
0,0,0,0,0,0,0,0,77,17,18,Gt3,UA,Male
1,0,0,0,0,0,0,0,78,1,17,Gt3,UA,Female
4,0,0,0,0,0,0,0,78,3,17,Gt3,UA,Female
0,0,0,0,0,0,0,0,78,5,17,Gt3,UA,Female
0,0,0,0,0,0,0,0,78,7,17,Gt3,UA,Female
0,0,0,0,0,0,0,0,78,9,17,Gt3,UA,Female
0,0,0,0,0,0,0,0,78,11,17,Gt3,UA,Female
0,0,0,0,0,0,0,0,78,13,17,Gt3,UA,Female
0,0,0,0,0,0,0,0,78,15,17,Gt3,UA,Female
0,0,0,0,0,0,0,0,78,17,17,Gt3,UA,Female
2,0,0,0,0,0,0,0,79,1,15.5,Gt3,LA,Male
1,0,0,0,0,0,0,0,79,3,15.5,Gt3,LA,Male
6,0,0,0,0,0,0,0,79,5,15.5,Gt3,LA,Male
0,0,0,0,0,0,0,0,79,7,15.5,Gt3,LA,Male
0,0,0,0,0,0,0,0,79,9,15.5,Gt3,LA,Male
0,0,0,0,0,0,0,0,79,11,15.5,Gt3,LA,Male
0,0,0,0,0,0,0,0,79,13,15.5,Gt3,LA,Male
0,0,0,0,0,0,0,0,79,15,15.5,Gt3,LA,Male
0,0,0,0,0,0,0,0,79,17,15.5,Gt3,LA,Male
2,0,0,0,0,0,0,0,80,1,19,Gt3,LA,Female
3,0,0,1,0,0,0,0,80,3,19,Gt3,LA,Female
4,0,1,0,0,0,0,0,80,5,19,Gt3,LA,Female
6,1,0,0,3,1,0,0,80,7,19,Gt3,LA,Female
12,1,20,1,0,7,2,2,80,9,19,Gt3,LA,Female
30,5,0,3,0,6,6,0,80,11,19,Gt3,LA,Female
0,0,0,0,0,0,0,0,80,13,19,Gt3,LA,Female
0,0,0,0,0,0,0,0,80,15,19,Gt3,LA,Female
0,0,0,0,0,0,0,0,80,17,19,Gt3,LA,Female
1,0,0,0,0,0,0,0,81,1,21,Gt3,OS,Male
3,1,0,0,0,0,0,0,81,3,21,Gt3,OS,Male
3,1,1,0,0,1,0,1,81,5,21,Gt3,OS,Male
3,1,1,0,0,1,0,1,81,7,21,Gt3,OS,Male
13,5,28,1,4,9,0,1,81,9,21,Gt3,OS,Male
13,0,16,0,0,0,1,1,81,11,21,Gt3,OS,Male
9,1,1,0,1,1,0,0,81,13,21,Gt3,OS,Male
2,0,0,0,1,1,0,0,81,15,21,Gt3,OS,Male
6,0,0,0,1,0,0,0,81,17,21,Gt3,OS,Male
1,0,0,0,0,0,0,0,82,1,15,Gt3,OS,Female
1,0,0,0,0,0,0,0,82,3,15,Gt3,OS,Female
2,0,0,0,0,0,0,0,82,5,15,Gt3,OS,Female
2,0,0,0,0,0,0,0,82,7,15,Gt3,OS,Female
2,0,1,0,0,0,0,0,82,9,15,Gt3,OS,Female
3,1,1,0,0,0,0,1,82,11,15,Gt3,OS,Female
1,0,1,0,0,1,0,0,82,13,15,Gt3,OS,Female
1,0,0,0,0,0,0,0,82,15,15,Gt3,OS,Female
NA,NA,NA,NA,NA,NA,NA,NA,82,17,15,Gt3,OS,Female
3,0,0,0,0,1,0,0,83,1,16,Gt3,UA,Male
4,2,0,0,0,0,0,0,83,3,16,Gt3,UA,Male
NA,NA,NA,NA,NA,NA,NA,NA,83,5,16,Gt3,UA,Male
NA,NA,NA,NA,NA,NA,NA,NA,83,7,16,Gt3,UA,Male
NA,NA,NA,NA,NA,NA,NA,NA,83,9,16,Gt3,UA,Male
NA,NA,NA,NA,NA,NA,NA,NA,83,11,16,Gt3,UA,Male
NA,NA,NA,NA,NA,NA,NA,NA,83,13,16,Gt3,UA,Male
NA,NA,NA,NA,NA,NA,NA,NA,83,15,16,Gt3,UA,Male
NA,NA,NA,NA,NA,NA,NA,NA,83,17,16,Gt3,UA,Male
2,0,0,0,0,0,0,0,84,1,15,Gt3,UA,Female
2,0,0,0,0,0,0,0,84,3,15,Gt3,UA,Female
3,0,0,0,0,1,0,0,84,5,15,Gt3,UA,Female
NA,NA,NA,NA,NA,NA,NA,NA,84,7,15,Gt3,UA,Female
NA,NA,NA,NA,NA,NA,NA,NA,84,9,15,Gt3,UA,Female
NA,NA,NA,NA,NA,NA,NA,NA,84,11,15,Gt3,UA,Female
NA,NA,NA,NA,NA,NA,NA,NA,84,13,15,Gt3,UA,Female
NA,NA,NA,NA,NA,NA,NA,NA,84,15,15,Gt3,UA,Female
NA,NA,NA,NA,NA,NA,NA,NA,84,17,15,Gt3,UA,Female
0,0,0,0,0,1,0,0,85,1,17.5,Gt3,LA,Male
1,0,0,0,1,0,0,0,85,3,17.5,Gt3,LA,Male
0,0,1,0,0,0,0,0,85,5,17.5,Gt3,LA,Male
5,0,2,0,1,1,0,0,85,7,17.5,Gt3,LA,Male
4,8,3,0,0,2,0,0,85,9,17.5,Gt3,LA,Male
4,0,16,1,3,7,0,0,85,11,17.5,Gt3,LA,Male
3,11,23,0,10,15,1,0,85,13,17.5,Gt3,LA,Male
26,20,35,58,20,10,23,0,85,15,17.5,Gt3,LA,Male
137,27,25,38,20,23,32,2,85,17,17.5,Gt3,LA,Male
1,0,0,0,0,0,0,0,86,1,25.5,Gt3,LA,Female
1,0,0,0,0,1,0,0,86,3,25.5,Gt3,LA,Female
7,1,0,0,0,1,0,0,86,5,25.5,Gt3,LA,Female
0,0,0,0,4,0,0,0,86,7,25.5,Gt3,LA,Female
0,3,2,0,5,0,1,0,86,9,25.5,Gt3,LA,Female
2,6,7,2,0,4,0,9,86,11,25.5,Gt3,LA,Female
3,6,27,12,0,3,0,1,86,13,25.5,Gt3,LA,Female
60,5,6,11,29,0,13,1,86,15,25.5,Gt3,LA,Female
NA,NA,NA,NA,NA,NA,NA,NA,86,17,25.5,Gt3,LA,Female
1,0,0,0,0,0,0,0,87,1,17.5,Gt3,OS,Male
0,0,0,0,0,3,0,0,87,3,17.5,Gt3,OS,Male
0,0,9,0,0,0,0,0,87,5,17.5,Gt3,OS,Male
0,0,9,0,0,0,0,0,87,7,17.5,Gt3,OS,Male
0,0,1,0,0,0,0,0,87,9,17.5,Gt3,OS,Male
1,0,0,0,0,0,0,0,87,11,17.5,Gt3,OS,Male
1,0,0,0,0,0,0,0,87,13,17.5,Gt3,OS,Male
3,0,0,0,0,0,0,0,87,15,17.5,Gt3,OS,Male
0,0,0,0,0,0,0,0,87,17,17.5,Gt3,OS,Male
1,0,0,0,0,0,0,0,88,1,15,Gt3,OS,Female
1,0,0,0,0,1,1,0,88,3,15,Gt3,OS,Female
1,1,4,0,1,0,0,0,88,5,15,Gt3,OS,Female
1,1,4,0,1,0,0,0,88,7,15,Gt3,OS,Female
5,1,60,0,0,0,0,0,88,9,15,Gt3,OS,Female
2,2,66,0,0,3,3,0,88,11,15,Gt3,OS,Female
48,7,36,0,0,3,6,0,88,13,15,Gt3,OS,Female
36,3,10,50,0,4,0,0,88,15,15,Gt3,OS,Female
NA,NA,NA,NA,NA,NA,NA,NA,88,17,15,Gt3,OS,Female
0,0,0,0,1,3,0,0,90,1,18,Gt3,UA,Female
3,0,0,0,0,1,0,0,90,3,18,Gt3,UA,Female
8,0,0,0,2,0,0,0,90,5,18,Gt3,UA,Female
3,2,1,0,0,0,0,0,90,7,18,Gt3,UA,Female
8,2,0,2,1,0,0,0,90,9,18,Gt3,UA,Female
7,1,13,1,6,5,1,0,90,11,18,Gt3,UA,Female
14,1,13,8,13,7,7,0,90,13,18,Gt3,UA,Female
NA,NA,NA,NA,NA,NA,NA,NA,90,15,18,Gt3,UA,Female
NA,NA,NA,NA,NA,NA,NA,NA,90,17,18,Gt3,UA,Female
3,0,0,0,0,0,0,0,91,1,18,Gt3,LA,Male
2,0,0,0,0,1,0,0,91,3,18,Gt3,LA,Male
2,4,0,1,2,0,2,0,91,5,18,Gt3,LA,Male
3,0,4,0,6,0,2,2,91,7,18,Gt3,LA,Male
0,0,19,0,16,0,14,0,91,9,18,Gt3,LA,Male
9,2,54,1,0,2,0,0,91,11,18,Gt3,LA,Male
4,0,16,0,4,2,0,0,91,13,18,Gt3,LA,Male
2,0,0,0,1,0,0,0,91,15,18,Gt3,LA,Male
2,1,0,0,0,0,0,0,91,17,18,Gt3,LA,Male
1,0,0,0,0,0,0,0,92,1,23,Gt3,LA,Female
3,0,0,0,0,0,0,0,92,3,23,Gt3,LA,Female
5,0,0,0,0,0,0,0,92,5,23,Gt3,LA,Female
1,2,12,1,2,0,1,0,92,7,23,Gt3,LA,Female
1,5,0,2,5,0,3,4,92,9,23,Gt3,LA,Female
NA,NA,NA,NA,NA,NA,NA,NA,92,11,23,Gt3,LA,Female
NA,NA,NA,NA,NA,NA,NA,NA,92,13,23,Gt3,LA,Female
NA,NA,NA,NA,NA,NA,NA,NA,92,15,23,Gt3,LA,Female
NA,NA,NA,NA,NA,NA,NA,NA,92,17,23,Gt3,LA,Female
2,0,0,0,0,0,0,0,93,1,17,Gt3,OS,Male
0,0,0,0,1,0,1,0,93,3,17,Gt3,OS,Male
0,0,1,0,0,0,0,0,93,5,17,Gt3,OS,Male
0,0,1,0,0,0,0,0,93,7,17,Gt3,OS,Male
0,0,0,0,0,0,0,0,93,9,17,Gt3,OS,Male
0,0,0,0,0,0,0,0,93,11,17,Gt3,OS,Male
0,0,0,0,0,0,0,0,93,13,17,Gt3,OS,Male
0,0,0,0,0,0,0,0,93,15,17,Gt3,OS,Male
0,0,0,0,0,0,0,0,93,17,17,Gt3,OS,Male
2,0,0,0,1,0,0,0,94,1,17.5,Gt3,OS,Female
0,0,0,0,1,1,1,0,94,3,17.5,Gt3,OS,Female
1,0,1,0,1,1,1,0,94,5,17.5,Gt3,OS,Female
1,0,1,0,1,1,1,0,94,7,17.5,Gt3,OS,Female
0,0,4,0,0,0,0,0,94,9,17.5,Gt3,OS,Female
0,0,0,0,0,1,0,0,94,11,17.5,Gt3,OS,Female
0,0,0,0,0,0,0,0,94,13,17.5,Gt3,OS,Female
0,0,0,0,0,0,0,0,94,15,17.5,Gt3,OS,Female
0,0,0,0,0,0,0,0,94,17,17.5,Gt3,OS,Female
1,0,0,0,0,0,0,0,95,1,16,Gt3,UA,Male
2,0,0,0,0,0,0,0,95,3,16,Gt3,UA,Male
4,0,0,0,0,0,0,0,95,5,16,Gt3,UA,Male
NA,NA,NA,NA,NA,NA,NA,NA,95,7,16,Gt3,UA,Male
NA,NA,NA,NA,NA,NA,NA,NA,95,9,16,Gt3,UA,Male
NA,NA,NA,NA,NA,NA,NA,NA,95,11,16,Gt3,UA,Male
NA,NA,NA,NA,NA,NA,NA,NA,95,13,16,Gt3,UA,Male
NA,NA,NA,NA,NA,NA,NA,NA,95,15,16,Gt3,UA,Male
NA,NA,NA,NA,NA,NA,NA,NA,95,17,16,Gt3,UA,Male
1,0,0,0,0,0,1,0,96,1,19,Gt3,UA,Female
2,0,0,0,0,0,0,0,96,3,19,Gt3,UA,Female
0,0,0,0,0,0,0,0,96,5,19,Gt3,UA,Female
0,0,0,0,0,0,0,0,96,7,19,Gt3,UA,Female
0,0,0,0,0,0,0,0,96,9,19,Gt3,UA,Female
0,0,0,0,0,0,0,0,96,11,19,Gt3,UA,Female
0,0,0,0,0,0,0,0,96,13,19,Gt3,UA,Female
0,0,0,0,0,0,0,0,96,15,19,Gt3,UA,Female
0,0,0,0,0,0,0,0,96,17,19,Gt3,UA,Female
1,0,0,0,0,0,0,0,97,1,17.5,Gt3,LA,Male
1,1,0,0,0,0,0,0,97,3,17.5,Gt3,LA,Male
3,0,0,0,0,0,1,0,97,5,17.5,Gt3,LA,Male
14,0,0,0,0,0,0,0,97,7,17.5,Gt3,LA,Male
NA,NA,NA,NA,NA,NA,NA,NA,97,9,17.5,Gt3,LA,Male
NA,NA,NA,NA,NA,NA,NA,NA,97,11,17.5,Gt3,LA,Male
NA,NA,NA,NA,NA,NA,NA,NA,97,13,17.5,Gt3,LA,Male
NA,NA,NA,NA,NA,NA,NA,NA,97,15,17.5,Gt3,LA,Male
NA,NA,NA,NA,NA,NA,NA,NA,97,17,17.5,Gt3,LA,Male
1,0,0,0,0,0,0,0,98,1,17.5,Gt3,LA,Female
2,0,0,0,0,0,0,0,98,3,17.5,Gt3,LA,Female
5,1,1,0,0,0,0,0,98,5,17.5,Gt3,LA,Female
5,0,0,0,2,0,1,0,98,7,17.5,Gt3,LA,Female
4,5,7,0,1,0,5,0,98,9,17.5,Gt3,LA,Female
1,2,25,3,0,6,12,0,98,11,17.5,Gt3,LA,Female
2,0,53,2,0,8,0,0,98,13,17.5,Gt3,LA,Female
36,0,66,16,2,4,16,0,98,15,17.5,Gt3,LA,Female
8,1,26,0,0,0,4,0,98,17,17.5,Gt3,LA,Female
0,0,0,0,1,0,1,0,99,1,15.5,Gt3,OS,Male
4,0,1,0,0,1,0,0,99,3,15.5,Gt3,OS,Male
3,0,6,0,2,0,0,0,99,5,15.5,Gt3,OS,Male
3,0,6,0,2,0,0,0,99,7,15.5,Gt3,OS,Male
2,0,0,2,3,3,0,0,99,9,15.5,Gt3,OS,Male
9,1,4,3,0,0,0,0,99,11,15.5,Gt3,OS,Male
14,0,5,2,2,0,0,0,99,13,15.5,Gt3,OS,Male
2,0,0,0,0,0,0,0,99,15,15.5,Gt3,OS,Male
0,0,0,0,0,0,0,0,99,17,15.5,Gt3,OS,Male
0,1,0,0,0,0,0,0,101,1,16,Gt3,UA,Male
2,0,0,0,0,0,0,0,101,3,16,Gt3,UA,Male
4,0,0,0,0,0,0,0,101,5,16,Gt3,UA,Male
NA,NA,NA,NA,NA,NA,NA,NA,101,7,16,Gt3,UA,Male
NA,NA,NA,NA,NA,NA,NA,NA,101,9,16,Gt3,UA,Male
NA,NA,NA,NA,NA,NA,NA,NA,101,11,16,Gt3,UA,Male
NA,NA,NA,NA,NA,NA,NA,NA,101,13,16,Gt3,UA,Male
NA,NA,NA,NA,NA,NA,NA,NA,101,15,16,Gt3,UA,Male
NA,NA,NA,NA,NA,NA,NA,NA,101,17,16,Gt3,UA,Male
1,0,0,0,0,0,0,0,103,1,17.5,Gt3,LA,Male
3,0,0,0,0,0,0,0,103,3,17.5,Gt3,LA,Male
3,0,0,0,0,1,0,0,103,5,17.5,Gt3,LA,Male
1,9,0,0,1,0,2,0,103,7,17.5,Gt3,LA,Male
7,6,5,0,7,5,2,1,103,9,17.5,Gt3,LA,Male
22,10,17,0,7,14,7,3,103,11,17.5,Gt3,LA,Male
NA,NA,NA,NA,NA,NA,NA,NA,103,13,17.5,Gt3,LA,Male
NA,NA,NA,NA,NA,NA,NA,NA,103,15,17.5,Gt3,LA,Male
NA,NA,NA,NA,NA,NA,NA,NA,103,17,17.5,Gt3,LA,Male
4,0,0,0,0,0,0,0,106,1,20,Gt3,OS,Female
5,0,0,0,1,0,0,0,106,3,20,Gt3,OS,Female
6,1,0,0,0,0,3,0,106,5,20,Gt3,OS,Female
6,1,0,0,0,0,3,0,106,7,20,Gt3,OS,Female
55,0,0,1,2,3,0,0,106,9,20,Gt3,OS,Female
0,0,14,0,0,3,0,0,106,11,20,Gt3,OS,Female
0,0,0,0,1,0,0,0,106,13,20,Gt3,OS,Female
1,0,0,0,0,0,0,0,106,15,20,Gt3,OS,Female
1,0,0,0,0,0,0,0,106,17,20,Gt3,OS,Female
1,0,0,0,0,0,0,0,108,1,16.5,Gt3,UA,Female
3,0,0,0,0,0,0,0,108,3,16.5,Gt3,UA,Female
6,0,0,0,0,0,0,0,108,5,16.5,Gt3,UA,Female
NA,NA,NA,NA,NA,NA,NA,NA,108,7,16.5,Gt3,UA,Female
NA,NA,NA,NA,NA,NA,NA,NA,108,9,16.5,Gt3,UA,Female
NA,NA,NA,NA,NA,NA,NA,NA,108,11,16.5,Gt3,UA,Female
NA,NA,NA,NA,NA,NA,NA,NA,108,13,16.5,Gt3,UA,Female
NA,NA,NA,NA,NA,NA,NA,NA,108,15,16.5,Gt3,UA,Female
NA,NA,NA,NA,NA,NA,NA,NA,108,17,16.5,Gt3,UA,Female
1,0,0,0,1,0,0,0,109,1,16,Gt3,LA,Male
1,0,1,0,0,0,0,0,109,3,16,Gt3,LA,Male
1,0,1,1,0,1,0,0,109,5,16,Gt3,LA,Male
NA,NA,NA,NA,NA,NA,NA,NA,109,7,16,Gt3,LA,Male
NA,NA,NA,NA,NA,NA,NA,NA,109,9,16,Gt3,LA,Male
NA,NA,NA,NA,NA,NA,NA,NA,109,11,16,Gt3,LA,Male
NA,NA,NA,NA,NA,NA,NA,NA,109,13,16,Gt3,LA,Male
NA,NA,NA,NA,NA,NA,NA,NA,109,15,16,Gt3,LA,Male
NA,NA,NA,NA,NA,NA,NA,NA,109,17,16,Gt3,LA,Male
1,0,0,0,0,0,0,0,110,1,15,Gt3,LA,Female
2,0,0,0,0,1,0,0,110,3,15,Gt3,LA,Female
4,0,0,0,0,0,0,0,110,5,15,Gt3,LA,Female
5,0,0,1,0,2,5,0,110,7,15,Gt3,LA,Female
27,4,5,0,5,7,5,2,110,9,15,Gt3,LA,Female
NA,NA,NA,NA,NA,NA,NA,NA,110,11,15,Gt3,LA,Female
NA,NA,NA,NA,NA,NA,NA,NA,110,13,15,Gt3,LA,Female
NA,NA,NA,NA,NA,NA,NA,NA,110,15,15,Gt3,LA,Female
NA,NA,NA,NA,NA,NA,NA,NA,110,17,15,Gt3,LA,Female
1,0,0,0,0,0,0,0,111,1,19,Gt3,OS,Male
0,0,0,0,2,0,0,0,111,3,19,Gt3,OS,Male
4,0,0,0,1,0,1,0,111,5,19,Gt3,OS,Male
4,0,0,0,1,0,1,0,111,7,19,Gt3,OS,Male
50,0,12,2,10,4,2,0,111,9,19,Gt3,OS,Male
89,25,34,5,25,10,0,0,111,11,19,Gt3,OS,Male
NA,NA,NA,NA,NA,NA,NA,NA,111,13,19,Gt3,OS,Male
NA,NA,NA,NA,NA,NA,NA,NA,111,15,19,Gt3,OS,Male
NA,NA,NA,NA,NA,NA,NA,NA,111,17,19,Gt3,OS,Male
1,0,0,0,0,0,0,0,112,1,13.5,Gt3,OS,Female
0,0,0,1,0,0,0,0,112,3,13.5,Gt3,OS,Female
1,0,0,0,2,0,0,0,112,5,13.5,Gt3,OS,Female
1,0,0,0,2,0,0,0,112,7,13.5,Gt3,OS,Female
1,0,5,0,0,2,0,0,112,9,13.5,Gt3,OS,Female
0,0,3,0,0,0,0,0,112,11,13.5,Gt3,OS,Female
1,0,0,1,0,0,1,0,112,13,13.5,Gt3,OS,Female
3,0,0,0,0,0,0,0,112,15,13.5,Gt3,OS,Female
4,2,0,3,1,0,0,0,112,17,13.5,Gt3,OS,Female
1,0,0,0,0,0,0,0,114,1,16,Gt3,UA,Female
1,0,0,1,0,0,0,0,114,3,16,Gt3,UA,Female
2,0,0,0,0,1,0,0,114,5,16,Gt3,UA,Female
6,0,1,0,0,1,1,3,114,7,16,Gt3,UA,Female
9,0,1,0,12,2,0,0,114,9,16,Gt3,UA,Female
27,8,22,5,3,4,5,29,114,11,16,Gt3,UA,Female
NA,NA,NA,NA,NA,NA,NA,NA,114,13,16,Gt3,UA,Female
NA,NA,NA,NA,NA,NA,NA,NA,114,15,16,Gt3,UA,Female
NA,NA,NA,NA,NA,NA,NA,NA,114,17,16,Gt3,UA,Female
1,0,0,0,0,0,0,0,115,1,16,Gt3,LA,Male
3,0,0,0,0,0,0,0,115,3,16,Gt3,LA,Male
1,0,0,0,0,0,1,0,115,5,16,Gt3,LA,Male
1,0,0,0,4,0,0,0,115,7,16,Gt3,LA,Male
0,0,5,0,2,0,4,0,115,9,16,Gt3,LA,Male
2,2,18,1,1,4,2,0,115,11,16,Gt3,LA,Male
8,0,46,0,9,7,2,0,115,13,16,Gt3,LA,Male
52,1,58,7,1,8,14,4,115,15,16,Gt3,LA,Male
NA,NA,NA,NA,NA,NA,NA,NA,115,17,16,Gt3,LA,Male
1,0,0,0,0,0,0,0,116,1,18,Gt3,LA,Female
2,0,0,0,0,0,0,0,116,3,18,Gt3,LA,Female
6,2,4,0,0,0,1,1,116,5,18,Gt3,LA,Female
5,0,3,0,0,0,0,0,116,7,18,Gt3,LA,Female
10,0,2,0,7,0,1,0,116,9,18,Gt3,LA,Female
18,2,10,1,2,1,1,0,116,11,18,Gt3,LA,Female
NA,NA,NA,NA,NA,NA,NA,NA,116,13,18,Gt3,LA,Female
NA,NA,NA,NA,NA,NA,NA,NA,116,15,18,Gt3,LA,Female
NA,NA,NA,NA,NA,NA,NA,NA,116,17,18,Gt3,LA,Female
2,0,0,0,0,0,0,0,118,1,15,Gt,OS,Male
5,0,2,0,1,0,0,0,118,3,15,Gt,OS,Male
5,2,1,0,1,0,0,0,118,5,15,Gt,OS,Male
0,0,4,0,2,4,4,1,118,7,15,Gt,OS,Male
4,0,24,0,0,0,0,0,118,9,15,Gt,OS,Male
0,0,3,1,1,0,2,0,118,11,15,Gt,OS,Male
1,2,0,0,0,1,0,0,118,13,15,Gt,OS,Male
0,0,0,0,0,2,0,0,118,15,15,Gt,OS,Male
0,2,0,0,0,1,0,0,118,17,15,Gt,OS,Male
2,0,0,0,0,0,0,0,119,1,19,Gt,OS,Female
2,0,0,0,2,0,2,0,119,3,19,Gt,OS,Female
3,1,7,0,2,0,2,0,119,5,19,Gt,OS,Female
2,1,1,0,0,2,4,0,119,7,19,Gt,OS,Female
2,0,17,1,0,0,1,0,119,9,19,Gt,OS,Female
2,0,7,0,0,0,0,0,119,11,19,Gt,OS,Female
3,3,7,0,3,1,0,0,119,13,19,Gt,OS,Female
1,0,0,0,0,0,0,0,119,15,19,Gt,OS,Female
1,0,0,0,0,0,0,0,119,17,19,Gt,OS,Female
1,0,0,0,0,1,0,0,120,1,15.5,Gt,UA,Male
NA,NA,NA,NA,NA,NA,NA,NA,120,3,15.5,Gt,UA,Male
NA,NA,NA,NA,NA,NA,NA,NA,120,5,15.5,Gt,UA,Male
NA,NA,NA,NA,NA,NA,NA,NA,120,7,15.5,Gt,UA,Male
NA,NA,NA,NA,NA,NA,NA,NA,120,9,15.5,Gt,UA,Male
NA,NA,NA,NA,NA,NA,NA,NA,120,11,15.5,Gt,UA,Male
NA,NA,NA,NA,NA,NA,NA,NA,120,13,15.5,Gt,UA,Male
NA,NA,NA,NA,NA,NA,NA,NA,120,15,15.5,Gt,UA,Male
NA,NA,NA,NA,NA,NA,NA,NA,120,17,15.5,Gt,UA,Male
2,0,1,0,0,0,0,0,121,1,14.5,Gt,UA,Female
6,0,0,0,0,0,0,0,121,3,14.5,Gt,UA,Female
0,0,0,0,0,0,0,0,121,5,14.5,Gt,UA,Female
0,0,0,0,0,0,0,0,121,7,14.5,Gt,UA,Female
0,0,0,0,0,0,0,0,121,9,14.5,Gt,UA,Female
0,0,0,0,0,0,0,0,121,11,14.5,Gt,UA,Female
0,0,0,0,0,0,0,0,121,13,14.5,Gt,UA,Female
0,0,0,0,0,0,0,0,121,15,14.5,Gt,UA,Female
0,0,0,0,0,0,0,0,121,17,14.5,Gt,UA,Female
3,0,0,0,0,0,0,0,122,1,14.5,Gt,LA,Male
8,0,1,0,1,0,0,0,122,3,14.5,Gt,LA,Male
17,0,3,0,1,0,0,0,122,5,14.5,Gt,LA,Male
2,3,12,0,6,2,1,1,122,7,14.5,Gt,LA,Male
4,1,32,0,0,0,3,0,122,9,14.5,Gt,LA,Male
5,0,26,0,0,0,1,0,122,11,14.5,Gt,LA,Male
2,0,5,0,0,1,0,0,122,13,14.5,Gt,LA,Male
1,3,1,0,0,0,0,0,122,15,14.5,Gt,LA,Male
1,1,0,0,0,0,0,0,122,17,14.5,Gt,LA,Male
2,0,0,0,0,0,0,0,123,1,18.5,Gt,LA,Female
3,1,0,0,0,0,0,0,123,3,18.5,Gt,LA,Female
7,1,0,0,0,0,0,0,123,5,18.5,Gt,LA,Female
7,0,9,0,3,3,3,0,123,7,18.5,Gt,LA,Female
2,1,49,0,0,2,1,0,123,9,18.5,Gt,LA,Female
8,0,33,0,1,3,0,0,123,11,18.5,Gt,LA,Female
2,0,3,1,0,0,0,0,123,13,18.5,Gt,LA,Female
2,0,1,0,0,0,0,0,123,15,18.5,Gt,LA,Female
0,0,0,0,0,0,0,0,123,17,18.5,Gt,LA,Female
3,0,0,0,0,0,0,0,124,1,17,Gt,UA,Male
6,0,0,0,0,1,0,0,124,3,17,Gt,UA,Male
7,0,11,0,0,1,0,0,124,5,17,Gt,UA,Male
4,2,19,0,2,6,4,4,124,7,17,Gt,UA,Male
2,0,47,0,16,1,0,0,124,9,17,Gt,UA,Male
0,16,64,0,10,4,0,1,124,11,17,Gt,UA,Male
0,6,4,0,3,9,0,0,124,13,17,Gt,UA,Male
0,2,0,0,2,2,0,0,124,15,17,Gt,UA,Male
2,0,0,0,0,0,0,0,124,17,17,Gt,UA,Male
2,0,0,0,0,0,1,0,125,1,19,Gt,UA,Female
5,2,0,0,1,0,1,0,125,3,19,Gt,UA,Female
6,1,9,0,1,0,1,0,125,5,19,Gt,UA,Female
20,4,0,0,7,0,1,1,125,7,19,Gt,UA,Female
30,7,16,7,6,2,3,0,125,9,19,Gt,UA,Female
NA,NA,NA,NA,NA,NA,NA,NA,125,11,19,Gt,UA,Female
NA,NA,NA,NA,NA,NA,NA,NA,125,13,19,Gt,UA,Female
NA,NA,NA,NA,NA,NA,NA,NA,125,15,19,Gt,UA,Female
NA,NA,NA,NA,NA,NA,NA,NA,125,17,19,Gt,UA,Female
2,0,0,0,0,0,0,0,126,1,15.5,Gt,UA,Male
2,0,0,0,0,0,0,0,126,3,15.5,Gt,UA,Male
6,0,2,0,0,0,0,0,126,5,15.5,Gt,UA,Male
8,0,4,0,0,1,2,0,126,7,15.5,Gt,UA,Male
6,0,0,0,1,0,0,0,126,9,15.5,Gt,UA,Male
4,0,1,0,3,0,0,0,126,11,15.5,Gt,UA,Male
2,2,0,1,2,4,2,0,126,13,15.5,Gt,UA,Male
6,3,15,0,3,2,0,0,126,15,15.5,Gt,UA,Male
3,0,6,1,2,2,1,0,126,17,15.5,Gt,UA,Male
2,0,0,0,0,0,0,0,127,1,19.5,Gt,UA,Female
3,1,0,0,0,0,0,0,127,3,19.5,Gt,UA,Female
9,1,0,0,0,0,0,0,127,5,19.5,Gt,UA,Female
7,0,4,0,1,0,0,0,127,7,19.5,Gt,UA,Female
5,4,13,0,1,1,8,0,127,9,19.5,Gt,UA,Female
10,6,0,2,2,0,0,0,127,11,19.5,Gt,UA,Female
12,8,4,3,14,3,1,0,127,13,19.5,Gt,UA,Female
19,4,4,23,0,8,6,0,127,15,19.5,Gt,UA,Female
36,32,8,46,0,12,16,9,127,17,19.5,Gt,UA,Female
2,0,0,0,0,0,0,0,128,1,17,Gt,OS,Male
2,0,0,0,0,0,0,0,128,3,17,Gt,OS,Male
6,0,1,0,0,0,0,0,128,5,17,Gt,OS,Male
16,0,10,2,0,1,0,0,128,7,17,Gt,OS,Male
1,0,2,0,0,2,0,0,128,9,17,Gt,OS,Male
0,0,0,0,0,0,0,0,128,11,17,Gt,OS,Male
0,0,0,0,0,0,0,0,128,13,17,Gt,OS,Male
0,0,0,0,0,0,0,0,128,15,17,Gt,OS,Male
0,0,0,0,0,0,0,0,128,17,17,Gt,OS,Male
3,0,0,0,0,0,0,0,129,1,13.5,Gt,OS,Female
3,1,2,0,0,0,1,0,129,3,13.5,Gt,OS,Female
6,0,12,0,0,0,1,0,129,5,13.5,Gt,OS,Female
2,4,18,3,0,2,0,0,129,7,13.5,Gt,OS,Female
38,3,0,11,0,0,0,0,129,9,13.5,Gt,OS,Female
6,1,5,10,0,0,0,0,129,11,13.5,Gt,OS,Female
2,0,4,1,0,0,1,1,129,13,13.5,Gt,OS,Female
3,0,5,0,0,0,1,0,129,15,13.5,Gt,OS,Female
0,0,0,0,0,0,0,0,129,17,13.5,Gt,OS,Female
1,1,0,0,0,0,1,0,130,1,17,Gt,UA,Male
5,0,1,0,3,0,2,0,130,3,17,Gt,UA,Male
12,0,5,0,3,0,2,0,130,5,17,Gt,UA,Male
1,15,33,0,0,2,0,2,130,7,17,Gt,UA,Male
52,28,61,4,0,0,4,0,130,9,17,Gt,UA,Male
NA,NA,NA,NA,NA,NA,NA,NA,130,11,17,Gt,UA,Male
NA,NA,NA,NA,NA,NA,NA,NA,130,13,17,Gt,UA,Male
NA,NA,NA,NA,NA,NA,NA,NA,130,15,17,Gt,UA,Male
NA,NA,NA,NA,NA,NA,NA,NA,130,17,17,Gt,UA,Male
3,0,0,0,0,0,0,0,131,1,15.5,Gt,UA,Female
4,1,0,0,0,1,0,0,131,3,15.5,Gt,UA,Female
13,1,1,0,0,1,0,0,131,5,15.5,Gt,UA,Female
13,0,7,3,4,2,3,0,131,7,15.5,Gt,UA,Female
28,6,26,0,1,0,1,0,131,9,15.5,Gt,UA,Female
50,0,10,10,0,1,1,0,131,11,15.5,Gt,UA,Female
39,5,23,4,3,3,3,0,131,13,15.5,Gt,UA,Female
50,8,35,0,2,9,2,0,131,15,15.5,Gt,UA,Female
48,12,18,0,5,30,11,0,131,17,15.5,Gt,UA,Female
3,0,0,0,0,0,0,0,132,1,16,Gt,LA,Male
7,0,0,0,0,0,0,0,132,3,16,Gt,LA,Male
7,0,0,0,0,0,0,0,132,5,16,Gt,LA,Male
18,0,0,0,0,1,0,0,132,7,16,Gt,LA,Male
51,2,3,0,0,0,0,0,132,9,16,Gt,LA,Male
30,6,17,0,0,0,0,0,132,11,16,Gt,LA,Male
NA,NA,NA,NA,NA,NA,NA,NA,132,13,16,Gt,LA,Male
NA,NA,NA,NA,NA,NA,NA,NA,132,15,16,Gt,LA,Male
NA,NA,NA,NA,NA,NA,NA,NA,132,17,16,Gt,LA,Male
2,0,0,0,0,0,0,0,133,1,26,Gt,LA,Female
6,0,0,0,0,0,0,0,133,3,26,Gt,LA,Female
14,1,0,0,0,0,0,0,133,5,26,Gt,LA,Female
21,2,3,0,4,0,1,0,133,7,26,Gt,LA,Female
NA,NA,NA,NA,NA,NA,NA,NA,133,9,26,Gt,LA,Female
NA,NA,NA,NA,NA,NA,NA,NA,133,11,26,Gt,LA,Female
NA,NA,NA,NA,NA,NA,NA,NA,133,13,26,Gt,LA,Female
NA,NA,NA,NA,NA,NA,NA,NA,133,15,26,Gt,LA,Female
NA,NA,NA,NA,NA,NA,NA,NA,133,17,26,Gt,LA,Female
0,0,1,0,0,2,0,0,134,1,14.5,Gb,OS,Female
0,1,1,1,0,1,0,2,134,3,14.5,Gb,OS,Female
0,0,0,0,0,0,1,9,134,5,14.5,Gb,OS,Female
0,0,0,0,0,0,0,27,134,7,14.5,Gb,OS,Female
0,0,0,0,0,2,0,58,134,9,14.5,Gb,OS,Female
0,0,1,0,0,0,0,68,134,11,14.5,Gb,OS,Female
1,0,0,0,0,2,0,20,134,13,14.5,Gb,OS,Female
1,0,0,0,0,1,0,10,134,15,14.5,Gb,OS,Female
0,0,0,0,0,0,0,0,134,17,14.5,Gb,OS,Female
0,2,0,0,0,0,0,0,135,1,17.5,Gb,UA,Female
0,3,0,2,1,0,0,1,135,3,17.5,Gb,UA,Female
NA,NA,NA,NA,NA,NA,NA,NA,135,5,17.5,Gb,UA,Female
NA,NA,NA,NA,NA,NA,NA,NA,135,7,17.5,Gb,UA,Female
NA,NA,NA,NA,NA,NA,NA,NA,135,9,17.5,Gb,UA,Female
NA,NA,NA,NA,NA,NA,NA,NA,135,11,17.5,Gb,UA,Female
NA,NA,NA,NA,NA,NA,NA,NA,135,13,17.5,Gb,UA,Female
NA,NA,NA,NA,NA,NA,NA,NA,135,15,17.5,Gb,UA,Female
NA,NA,NA,NA,NA,NA,NA,NA,135,17,17.5,Gb,UA,Female
0,0,0,0,0,0,0,1,136,1,16,Gb,UA,Female
0,0,0,1,0,0,0,3,136,3,16,Gb,UA,Female
2,0,3,0,0,1,0,6,136,5,16,Gb,UA,Female
4,0,0,0,0,2,0,32,136,7,16,Gb,UA,Female
0,0,1,1,0,0,0,19,136,9,16,Gb,UA,Female
0,0,0,0,0,0,0,26,136,11,16,Gb,UA,Female
0,2,1,0,0,0,0,16,136,13,16,Gb,UA,Female
0,0,4,0,0,1,0,30,136,15,16,Gb,UA,Female
0,0,0,0,1,0,0,45,136,17,16,Gb,UA,Female
0,0,0,0,0,0,0,1,137,1,19,Gb,LA,Female
0,1,0,0,0,0,0,1,137,3,19,Gb,LA,Female
3,0,3,0,0,0,0,7,137,5,19,Gb,LA,Female
10,0,1,4,0,4,0,0,137,7,19,Gb,LA,Female
0,1,4,8,0,2,2,26,137,9,19,Gb,LA,Female
1,0,0,3,0,0,0,11,137,11,19,Gb,LA,Female
1,0,0,0,0,1,0,0,137,13,19,Gb,LA,Female
0,0,0,0,0,0,0,0,137,15,19,Gb,LA,Female
0,0,0,0,0,0,0,0,137,17,19,Gb,LA,Female
1,0,0,0,0,0,0,0,138,1,23,Gt3,OS,Male
6,0,0,0,0,0,0,0,138,3,23,Gt3,OS,Male
12,0,0,0,4,0,0,0,138,5,23,Gt3,OS,Male
12,0,0,0,4,0,0,0,138,7,23,Gt3,OS,Male
19,0,5,3,0,1,0,0,138,9,23,Gt3,OS,Male
77,0,0,1,1,0,0,0,138,11,23,Gt3,OS,Male
87,13,53,12,12,0,0,0,138,13,23,Gt3,OS,Male
100,3,5,44,3,0,0,11,138,15,23,Gt3,OS,Male
NA,NA,NA,NA,NA,NA,NA,NA,138,17,23,Gt3,OS,Male
1,0,0,0,0,0,0,0,139,1,16,Gt3,OS,Female
1,0,0,0,0,0,0,0,139,3,16,Gt3,OS,Female
4,0,0,0,2,1,0,0,139,5,16,Gt3,OS,Female
4,0,0,0,2,1,0,0,139,7,16,Gt3,OS,Female
0,0,10,0,3,1,0,0,139,9,16,Gt3,OS,Female
0,0,0,2,0,0,1,0,139,11,16,Gt3,OS,Female
2,0,0,0,0,2,0,0,139,13,16,Gt3,OS,Female
3,0,5,0,0,0,0,1,139,15,16,Gt3,OS,Female
2,0,0,0,0,0,0,0,139,17,16,Gt3,OS,Female
3,0,0,0,0,0,0,0,140,1,18,Gt3,LA,Female
4,0,0,0,1,0,0,0,140,3,18,Gt3,LA,Female
2,0,3,0,0,4,0,0,140,5,18,Gt3,LA,Female
6,1,12,3,2,0,0,0,140,7,18,Gt3,LA,Female
16,2,24,1,3,4,0,0,140,9,18,Gt3,LA,Female
14,1,20,15,0,19,0,2,140,11,18,Gt3,LA,Female
60,12,5,29,23,36,1,0,140,13,18,Gt3,LA,Female
150,20,73,63,0,70,1,2,140,15,18,Gt3,LA,Female
NA,NA,NA,NA,NA,NA,NA,NA,140,17,18,Gt3,LA,Female
3,0,0,0,0,0,0,0,141,1,17,Gt3,LA,Female
2,0,0,0,1,0,0,0,141,3,17,Gt3,LA,Female
5,1,0,0,1,1,0,0,141,5,17,Gt3,LA,Female
NA,NA,NA,NA,NA,NA,NA,NA,141,7,17,Gt3,LA,Female
NA,NA,NA,NA,NA,NA,NA,NA,141,9,17,Gt3,LA,Female
NA,NA,NA,NA,NA,NA,NA,NA,141,11,17,Gt3,LA,Female
NA,NA,NA,NA,NA,NA,NA,NA,141,13,17,Gt3,LA,Female
NA,NA,NA,NA,NA,NA,NA,NA,141,15,17,Gt3,LA,Female
NA,NA,NA,NA,NA,NA,NA,NA,141,17,17,Gt3,LA,Female
3,0,0,0,0,0,0,0,142,1,16,Gt3,UA,Male
3,0,0,0,0,0,0,0,142,3,16,Gt3,UA,Male
2,0,1,0,3,0,0,0,142,5,16,Gt3,UA,Male
12,4,0,0,0,2,1,0,142,7,16,Gt3,UA,Male
NA,NA,NA,NA,NA,NA,NA,NA,142,9,16,Gt3,UA,Male
NA,NA,NA,NA,NA,NA,NA,NA,142,11,16,Gt3,UA,Male
NA,NA,NA,NA,NA,NA,NA,NA,142,13,16,Gt3,UA,Male
NA,NA,NA,NA,NA,NA,NA,NA,142,15,16,Gt3,UA,Male
NA,NA,NA,NA,NA,NA,NA,NA,142,17,16,Gt3,UA,Male
2,0,0,0,0,0,0,0,143,1,19,Gt3,UA,Female
3,0,0,0,0,0,0,0,143,3,19,Gt3,UA,Female
2,1,3,0,1,0,0,0,143,5,19,Gt3,UA,Female
0,0,2,0,0,0,0,0,143,7,19,Gt3,UA,Female
0,0,5,0,0,0,0,0,143,9,19,Gt3,UA,Female
2,2,8,1,0,0,0,0,143,11,19,Gt3,UA,Female
23,4,21,2,0,8,1,3,143,13,19,Gt3,UA,Female
NA,NA,NA,NA,NA,NA,NA,NA,143,15,19,Gt3,UA,Female
NA,NA,NA,NA,NA,NA,NA,NA,143,17,19,Gt3,UA,Female
0,0,0,0,0,0,0,2,144,1,12.5,Gb,OS,Female
0,0,0,0,0,0,0,2,144,3,12.5,Gb,OS,Female
1,1,0,1,0,0,0,2,144,5,12.5,Gb,OS,Female
0,0,0,2,0,0,0,0,144,7,12.5,Gb,OS,Female
0,0,0,0,0,0,0,0,144,9,12.5,Gb,OS,Female
0,0,0,0,0,0,0,0,144,11,12.5,Gb,OS,Female
0,0,0,0,0,0,0,0,144,13,12.5,Gb,OS,Female
0,0,0,0,0,0,0,0,144,15,12.5,Gb,OS,Female
0,0,0,0,0,0,0,0,144,17,12.5,Gb,OS,Female
0,0,0,0,0,0,0,2,145,1,14.5,Gb,OS,Female
0,0,0,0,0,0,0,5,145,3,14.5,Gb,OS,Female
0,2,0,0,3,0,0,5,145,5,14.5,Gb,OS,Female
1,0,0,0,0,0,0,9,145,7,14.5,Gb,OS,Female
0,0,1,0,0,0,0,0,145,9,14.5,Gb,OS,Female
0,0,0,0,0,0,0,0,145,11,14.5,Gb,OS,Female
0,0,0,0,0,0,0,0,145,13,14.5,Gb,OS,Female
0,0,0,0,0,0,0,0,145,15,14.5,Gb,OS,Female
0,0,0,0,0,0,0,0,145,17,14.5,Gb,OS,Female
0,0,0,0,0,0,0,2,146,1,16,Gb,LA,Male
1,0,0,5,1,0,0,3,146,3,16,Gb,LA,Male
2,0,0,0,0,0,0,5,146,5,16,Gb,LA,Male
0,0,0,9,1,2,0,0,146,7,16,Gb,LA,Male
NA,NA,NA,NA,NA,NA,NA,NA,146,9,16,Gb,LA,Male
NA,NA,NA,NA,NA,NA,NA,NA,146,11,16,Gb,LA,Male
NA,NA,NA,NA,NA,NA,NA,NA,146,13,16,Gb,LA,Male
NA,NA,NA,NA,NA,NA,NA,NA,146,15,16,Gb,LA,Male
NA,NA,NA,NA,NA,NA,NA,NA,146,17,16,Gb,LA,Male
0,0,0,0,0,0,0,2,147,1,17,Gb,LA,Female
0,0,0,0,0,0,0,2,147,3,17,Gb,LA,Female
0,0,0,3,0,0,0,0,147,5,17,Gb,LA,Female
NA,NA,NA,NA,NA,NA,NA,NA,147,7,17,Gb,LA,Female
NA,NA,NA,NA,NA,NA,NA,NA,147,9,17,Gb,LA,Female
NA,NA,NA,NA,NA,NA,NA,NA,147,11,17,Gb,LA,Female
NA,NA,NA,NA,NA,NA,NA,NA,147,13,17,Gb,LA,Female
NA,NA,NA,NA,NA,NA,NA,NA,147,15,17,Gb,LA,Female
NA,NA,NA,NA,NA,NA,NA,NA,147,17,17,Gb,LA,Female
0,1,0,0,0,0,0,1,148,1,23.5,Gb,UA,Female
3,1,0,0,1,0,0,4,148,3,23.5,Gb,UA,Female
15,2,7,0,0,1,1,8,148,5,23.5,Gb,UA,Female
6,5,29,14,0,2,5,23,148,7,23.5,Gb,UA,Female
NA,NA,NA,NA,NA,NA,NA,NA,148,9,23.5,Gb,UA,Female
NA,NA,NA,NA,NA,NA,NA,NA,148,11,23.5,Gb,UA,Female
NA,NA,NA,NA,NA,NA,NA,NA,148,13,23.5,Gb,UA,Female
NA,NA,NA,NA,NA,NA,NA,NA,148,15,23.5,Gb,UA,Female
NA,NA,NA,NA,NA,NA,NA,NA,148,17,23.5,Gb,UA,Female
0,0,0,2,0,0,0,1,149,1,18,Gb,UA,Female
3,0,1,0,4,0,0,3,149,3,18,Gb,UA,Female
2,0,0,0,0,1,0,12,149,5,18,Gb,UA,Female
1,0,2,1,0,3,0,12,149,7,18,Gb,UA,Female
0,0,4,8,0,6,1,23,149,9,18,Gb,UA,Female
NA,NA,NA,NA,NA,NA,NA,NA,149,11,18,Gb,UA,Female
NA,NA,NA,NA,NA,NA,NA,NA,149,13,18,Gb,UA,Female
NA,NA,NA,NA,NA,NA,NA,NA,149,15,18,Gb,UA,Female
NA,NA,NA,NA,NA,NA,NA,NA,149,17,18,Gb,UA,Female
3,0,0,0,0,0,0,0,150,1,21,Gt,UA,Female
6,0,1,0,4,0,1,0,150,3,21,Gt,UA,Female
1,0,8,0,4,0,1,0,150,5,21,Gt,UA,Female
10,4,6,0,0,2,3,0,150,7,21,Gt,UA,Female
24,2,9,2,8,6,0,0,150,9,21,Gt,UA,Female
NA,NA,NA,NA,NA,NA,NA,NA,150,11,21,Gt,UA,Female
NA,NA,NA,NA,NA,NA,NA,NA,150,13,21,Gt,UA,Female
NA,NA,NA,NA,NA,NA,NA,NA,150,15,21,Gt,UA,Female
NA,NA,NA,NA,NA,NA,NA,NA,150,17,21,Gt,UA,Female
3,0,0,0,0,0,0,0,151,1,17.5,Gt,UA,Female
4,0,2,0,0,0,0,0,151,3,17.5,Gt,UA,Female
4,0,0,0,0,0,0,0,151,5,17.5,Gt,UA,Female
NA,NA,NA,NA,NA,NA,NA,NA,151,7,17.5,Gt,UA,Female
NA,NA,NA,NA,NA,NA,NA,NA,151,9,17.5,Gt,UA,Female
NA,NA,NA,NA,NA,NA,NA,NA,151,11,17.5,Gt,UA,Female
NA,NA,NA,NA,NA,NA,NA,NA,151,13,17.5,Gt,UA,Female
NA,NA,NA,NA,NA,NA,NA,NA,151,15,17.5,Gt,UA,Female
NA,NA,NA,NA,NA,NA,NA,NA,151,17,17.5,Gt,UA,Female
1,0,0,0,0,0,0,0,152,1,20,Gt,UA,Female
5,0,0,0,0,0,1,0,152,3,20,Gt,UA,Female
3,0,0,0,0,0,1,0,152,5,20,Gt,UA,Female
NA,NA,NA,NA,NA,NA,NA,NA,152,7,20,Gt,UA,Female
NA,NA,NA,NA,NA,NA,NA,NA,152,9,20,Gt,UA,Female
NA,NA,NA,NA,NA,NA,NA,NA,152,11,20,Gt,UA,Female
NA,NA,NA,NA,NA,NA,NA,NA,152,13,20,Gt,UA,Female
NA,NA,NA,NA,NA,NA,NA,NA,152,15,20,Gt,UA,Female
NA,NA,NA,NA,NA,NA,NA,NA,152,17,20,Gt,UA,Female
3,0,0,0,0,0,0,0,153,1,17,Gt,UA,Female
NA,NA,NA,NA,NA,NA,NA,NA,153,3,17,Gt,UA,Female
NA,NA,NA,NA,NA,NA,NA,NA,153,5,17,Gt,UA,Female
NA,NA,NA,NA,NA,NA,NA,NA,153,7,17,Gt,UA,Female
NA,NA,NA,NA,NA,NA,NA,NA,153,9,17,Gt,UA,Female
NA,NA,NA,NA,NA,NA,NA,NA,153,11,17,Gt,UA,Female
NA,NA,NA,NA,NA,NA,NA,NA,153,13,17,Gt,UA,Female
NA,NA,NA,NA,NA,NA,NA,NA,153,15,17,Gt,UA,Female
NA,NA,NA,NA,NA,NA,NA,NA,153,17,17,Gt,UA,Female
4,0,0,0,0,0,0,0,154,1,18,Gt,LA,Female
6,0,0,0,0,1,1,0,154,3,18,Gt,LA,Female
6,3,3,0,0,1,1,0,154,5,18,Gt,LA,Female
7,0,12,0,3,0,5,0,154,7,18,Gt,LA,Female
3,11,25,2,3,4,6,0,154,9,18,Gt,LA,Female
0,2,28,8,5,22,0,4,154,11,18,Gt,LA,Female
NA,NA,NA,NA,NA,NA,NA,NA,154,13,18,Gt,LA,Female
NA,NA,NA,NA,NA,NA,NA,NA,154,15,18,Gt,LA,Female
NA,NA,NA,NA,NA,NA,NA,NA,154,17,18,Gt,LA,Female
2,0,0,0,0,0,1,0,155,1,18.5,Gt,LA,Female
7,0,0,0,0,0,0,0,155,3,18.5,Gt,LA,Female
14,0,2,0,0,0,0,0,155,5,18.5,Gt,LA,Female
10,3,7,0,7,0,4,0,155,7,18.5,Gt,LA,Female
5,10,23,1,8,10,0,0,155,9,18.5,Gt,LA,Female
4,2,24,8,11,14,1,0,155,11,18.5,Gt,LA,Female
1,1,5,1,8,10,0,0,155,13,18.5,Gt,LA,Female
7,2,0,0,0,3,0,0,155,15,18.5,Gt,LA,Female
NA,NA,NA,NA,NA,NA,NA,NA,155,17,18.5,Gt,LA,Female
4,0,0,0,0,0,0,0,156,1,15,Gt,LA,Male
8,0,2,0,1,1,0,0,156,3,15,Gt,LA,Male
5,2,3,0,1,1,0,0,156,5,15,Gt,LA,Male
1,5,6,0,0,3,0,0,156,7,15,Gt,LA,Male
1,1,2,0,0,0,1,0,156,9,15,Gt,LA,Male
0,0,2,0,0,0,2,0,156,11,15,Gt,LA,Male
1,0,0,0,0,0,0,0,156,13,15,Gt,LA,Male
1,0,1,0,0,0,0,0,156,15,15,Gt,LA,Male
0,0,0,0,0,0,0,0,156,17,15,Gt,LA,Male
4,0,0,0,0,0,0,0,157,1,18,Gt,LA,Female
9,0,0,0,0,0,0,0,157,3,18,Gt,LA,Female
4,0,0,0,0,0,0,0,157,5,18,Gt,LA,Female
3,1,0,0,0,0,0,0,157,7,18,Gt,LA,Female
5,0,0,0,2,0,0,0,157,9,18,Gt,LA,Female
12,1,2,0,3,1,2,0,157,11,18,Gt,LA,Female
18,3,3,0,9,3,0,0,157,13,18,Gt,LA,Female
17,2,3,2,6,4,2,0,157,15,18,Gt,LA,Female
0,0,0,0,0,0,0,0,157,17,18,Gt,LA,Female
2,0,0,0,0,0,0,0,158,1,20,Gt,LA,Female
5,0,0,0,0,0,1,0,158,3,20,Gt,LA,Female
5,1,0,0,0,0,1,0,158,5,20,Gt,LA,Female
6,1,0,0,0,3,1,0,158,7,20,Gt,LA,Female
5,3,5,0,3,2,2,0,158,9,20,Gt,LA,Female
0,1,8,0,13,10,9,9,158,11,20,Gt,LA,Female
9,1,14,0,14,3,8,0,158,13,20,Gt,LA,Female
5,0,4,2,5,0,11,0,158,15,20,Gt,LA,Female
12,0,2,1,1,2,5,0,158,17,20,Gt,LA,Female
4,0,0,0,0,0,0,0,159,1,20,Gt,LA,Female
10,0,0,0,0,0,0,0,159,3,20,Gt,LA,Female
13,0,1,0,0,0,0,0,159,5,20,Gt,LA,Female
13,2,0,0,4,0,0,0,159,7,20,Gt,LA,Female
16,2,6,0,4,2,0,0,159,9,20,Gt,LA,Female
22,2,14,0,0,0,10,0,159,11,20,Gt,LA,Female
34,13,40,6,0,0,11,0,159,13,20,Gt,LA,Female
16,10,19,10,10,7,0,3,159,15,20,Gt,LA,Female
15,1,12,1,3,2,0,0,159,17,20,Gt,LA,Female
1,0,0,0,0,0,0,0,160,1,15,Gt3,UA,Male
1,1,0,0,0,1,0,0,160,3,15,Gt3,UA,Male
NA,NA,NA,NA,NA,NA,NA,NA,160,5,15,Gt3,UA,Male
NA,NA,NA,NA,NA,NA,NA,NA,160,7,15,Gt3,UA,Male
NA,NA,NA,NA,NA,NA,NA,NA,160,9,15,Gt3,UA,Male
NA,NA,NA,NA,NA,NA,NA,NA,160,11,15,Gt3,UA,Male
NA,NA,NA,NA,NA,NA,NA,NA,160,13,15,Gt3,UA,Male
NA,NA,NA,NA,NA,NA,NA,NA,160,15,15,Gt3,UA,Male
NA,NA,NA,NA,NA,NA,NA,NA,160,17,15,Gt3,UA,Male
2,0,0,0,0,0,0,0,162,1,19,Gt3,LA,Female
5,0,0,0,0,0,0,0,162,3,19,Gt3,LA,Female
3,1,2,0,2,0,0,0,162,5,19,Gt3,LA,Female
1,2,8,1,5,0,2,0,162,7,19,Gt3,LA,Female
4,2,20,5,3,2,8,0,162,9,19,Gt3,LA,Female
3,3,17,7,6,0,15,0,162,11,19,Gt3,LA,Female
20,6,33,47,9,0,10,0,162,13,19,Gt3,LA,Female
89,36,100,24,10,14,0,11,162,15,19,Gt3,LA,Female
NA,NA,NA,NA,NA,NA,NA,NA,162,17,19,Gt3,LA,Female
3,0,0,0,0,0,0,0,163,1,22,Gt3,LA,Female
3,0,1,0,0,0,0,0,163,3,22,Gt3,LA,Female
5,0,0,0,0,0,1,0,163,5,22,Gt3,LA,Female
5,0,0,0,0,0,0,0,163,7,22,Gt3,LA,Female
3,2,0,4,0,0,2,0,163,9,22,Gt3,LA,Female
6,4,6,0,5,2,2,2,163,11,22,Gt3,LA,Female
10,2,23,0,10,15,0,18,163,13,22,Gt3,LA,Female
NA,NA,NA,NA,NA,NA,NA,NA,163,15,22,Gt3,LA,Female
NA,NA,NA,NA,NA,NA,NA,NA,163,17,22,Gt3,LA,Female
2,0,0,0,0,0,0,0,164,1,22.5,Gt3,LA,Female
3,0,0,0,0,0,0,0,164,3,22.5,Gt3,LA,Female
0,1,0,0,1,0,1,0,164,5,22.5,Gt3,LA,Female
4,1,6,0,0,0,2,0,164,7,22.5,Gt3,LA,Female
4,2,2,6,11,2,10,1,164,9,22.5,Gt3,LA,Female
27,5,23,10,11,8,6,2,164,11,22.5,Gt3,LA,Female
74,16,12,13,21,30,24,1,164,13,22.5,Gt3,LA,Female
NA,NA,NA,NA,NA,NA,NA,NA,164,15,22.5,Gt3,LA,Female
NA,NA,NA,NA,NA,NA,NA,NA,164,17,22.5,Gt3,LA,Female
3,0,0,0,0,0,0,0,165,1,24,Gt3,LA,Female
1,0,0,0,0,0,0,0,165,3,24,Gt3,LA,Female
2,0,2,0,1,0,2,0,165,5,24,Gt3,LA,Female
1,0,2,0,5,0,0,0,165,7,24,Gt3,LA,Female
0,2,3,0,2,0,2,0,165,9,24,Gt3,LA,Female
2,1,1,6,0,6,0,0,165,11,24,Gt3,LA,Female
16,2,5,16,15,15,10,0,165,13,24,Gt3,LA,Female
24,13,6,20,0,20,14,0,165,15,24,Gt3,LA,Female
0,0,0,0,0,0,0,0,165,17,24,Gt3,LA,Female
3,0,0,0,0,0,0,0,166,1,17,Gt3,LA,Female
3,0,1,0,0,0,0,0,166,3,17,Gt3,LA,Female
4,0,0,0,0,0,2,0,166,5,17,Gt3,LA,Female
1,2,9,0,0,5,1,0,166,7,17,Gt3,LA,Female
4,3,28,2,0,5,0,0,166,9,17,Gt3,LA,Female
3,0,8,0,0,3,5,4,166,11,17,Gt3,LA,Female
2,0,4,0,0,0,0,0,166,13,17,Gt3,LA,Female
3,0,2,0,0,1,0,1,166,15,17,Gt3,LA,Female
0,0,0,0,0,0,0,0,166,17,17,Gt3,LA,Female
2,0,0,0,0,0,0,0,167,1,20,Gt3,LA,Female
3,0,0,0,0,0,0,0,167,3,20,Gt3,LA,Female
3,0,0,0,0,0,0,0,167,5,20,Gt3,LA,Female
3,0,0,0,0,0,3,0,167,7,20,Gt3,LA,Female
0,2,3,0,0,2,3,2,167,9,20,Gt3,LA,Female
0,1,7,1,2,0,1,0,167,11,20,Gt3,LA,Female
3,1,0,0,1,0,1,0,167,13,20,Gt3,LA,Female
2,4,0,3,0,3,0,0,167,15,20,Gt3,LA,Female
22,0,14,8,6,6,0,1,167,17,20,Gt3,LA,Female
